Taxa,Group,RefInf,ID,BLUP,PEV
A,11,1.0,1,-0.0964371781369806,0.0698312986688159
A12,12,1.0,2,0.133361191735793,0.0694182465112436
A15,13,1.0,3,-0.172507538273653,0.0694257034739067
A155,14,1.0,4,0.228726353485553,0.0694736666068255
A171,15,1.0,5,-0.181224346510732,0.0694537754724971
A188,16,1.0,6,-0.02407812479268,0.0694640309644976
A208,17,1.0,7,0.225433725639518,0.0693487536963028
A239,18,1.0,8,-0.361797813307548,0.0695394493662159
A258,19,1.0,9,-0.0114784792852693,0.0695402959701162
A305,20,1.0,10,0.300962092301916,0.0694330680345516
A321,21,1.0,11,0.0585444300979717,0.0699179049031968
A322,22,1.0,12,-0.0121518843814827,0.0693947635269494
A334,23,1.0,13,-0.242271906457505,0.0693961709749587
A340,24,1.0,14,-0.0395698006124731,0.0695180860883588
A374,25,1.0,15,-0.0668848957397574,0.0698687056352275
A385,26,1.0,16,0.0708941679161219,0.0694996986975469
A401,27,1.0,17,0.0156227924313833,0.0693437271389142
A427,29,1.0,18,0.132842755385818,0.0693403284924252
A554,30,1.0,19,-0.0262270618089084,0.0694087879626246
A572,31,1.0,20,-0.288357940395457,0.069411735809677
A627,32,1.0,21,-0.0376816013225783,0.0693939485344234
A632,33,1.0,22,0.0936338579220179,0.0834221645132493
A635,34,1.0,23,0.0805978085317909,0.0825973201754838
A648,35,1.0,24,-0.0580870043349878,0.0695514935704483
A649,36,1.0,25,0.063763962725141,0.0695696970457868
A651,37,1.0,26,-0.161547930448577,0.0712331203354678
A659,38,1.0,27,-0.0357536039950809,0.0696085401937464
A661,39,1.0,28,-0.148013031131907,0.0693629547036104
A662,40,1.0,29,-0.0319271881027928,0.0694056610780883
A663,41,1.0,30,0.192847123710142,0.0693017254708006
A673,42,1.0,31,0.140913510279824,0.0695026703324643
A674,43,1.0,32,-0.214145050185777,0.0696717848361178
A679,44,1.0,33,0.109781699305086,0.0776458974399806
A680,45,1.0,34,0.0970672460468552,0.0814604784618154
B73,45,1.0,34,0.0970672460468552,0.0814604784618154
A682,46,1.0,35,0.224549952946589,0.0768296816591177
A71,47,1.0,36,-0.0162204560550226,0.0695900239305266
A73,48,1.0,37,-0.0568802422868429,0.0697912753198664
A797NW,49,1.0,38,-0.0335264795352151,0.069494110459229
AR228,50,1.0,39,0.310252833823114,0.0701428395917105
AS5707,51,1.0,40,0.206614395350649,0.0718537876616066
B10,53,1.0,41,-0.18851974298152,0.0735948629895894
B101,54,1.0,42,-0.269702957477521,0.0726162762827371
B103,55,1.0,43,-0.0360443651854093,0.0723631558857106
B104,56,1.0,44,0.0694732045332743,0.0764460580373399
B105,57,1.0,45,-0.0508802163247127,0.0715533334653214
B106,58,1.0,46,-0.225399761172364,0.0701980786063393
B107,59,1.0,47,0.167931212210283,0.0717766000013824
B114,59,1.0,47,0.167931212210283,0.0717766000013824
B108,60,1.0,48,-0.159434886106402,0.0700314062448333
B109,61,1.0,49,0.0992623797910694,0.0802689676612881
B110,62,1.0,50,0.114699812009523,0.07523691417246
B111,63,1.0,51,-0.03587391944117,0.0725730980423089
B112,64,1.0,52,-0.15891052688448,0.0695772473700108
B113,65,1.0,53,-0.282603667837698,0.0694776090763918
B115,66,1.0,54,-0.296233650101267,0.0693500703842344
B119,67,1.0,55,0.10620052237079,0.0754254584818738
B120,68,1.0,56,-0.146950144479952,0.0696999554923919
B121,69,1.0,57,-0.193421803921493,0.0695387281182381
B14A,70,1.0,58,0.0859959177926165,0.0882597803718585
B14,70,1.0,58,0.0859959177926165,0.0882597803718585
B164,71,1.0,59,0.0189681040251631,0.0696206530647441
B2,73,1.0,60,-0.110608897430836,0.0695866149737369
B37,75,1.0,61,0.0993457396658403,0.0735314143983282
B42,76,1.0,62,-0.0321501063599197,0.0695532628612806
B52,77,1.0,63,0.00897412077701309,0.0698066856779524
B54,78,1.0,64,0.0882322961027701,0.0694310420413501
B64,79,1.0,65,-0.246870079024408,0.08019291253679
B66,80,1.0,66,-0.143032581102273,0.0707449886522817
B68,81,1.0,67,0.0961366929957099,0.0839785389450188
B7,82,1.0,68,-0.216838699336641,0.0696079006228228
B75,83,1.0,69,0.0159948552532037,0.0697282147173512
B77,84,1.0,70,0.0966303811825428,0.0695418243622568
B79,85,1.0,71,-0.17680110294192,0.0707729038934126
B8,86,1.0,72,-0.217693538419946,0.0693901152570355
B84,87,1.0,73,0.159104001666946,0.0761089496008752
B85,88,1.0,74,0.120567485538829,0.0699635053210074
B87,89,1.0,75,-0.196975243008758,0.069885895359048
B88,90,1.0,76,-0.147166855687676,0.069910357836626
B90,91,1.0,77,-0.0677190131695659,0.0694592205407082
B91,92,1.0,78,-0.0110292892761557,0.0695852701450886
B97,93,1.0,79,0.225737860661507,0.0695579986379081
B98,94,1.0,80,-0.237663180863261,0.0693561229261252
B99,95,1.0,81,-0.211257222742964,0.0695943657870772
C102,96,1.0,82,0.16740674470158,0.0695915104266167
C103,97,1.0,83,0.161044184392414,0.0762518650503226
C123,98,1.0,84,0.222983507690703,0.0719089633203651
C15,99,1.0,85,0.13910944319143,0.0763630353824122
C42,100,1.0,86,0.0572897403775071,0.077631027238359
C49A,101,1.0,87,0.0130188869195672,0.0694206216731702
C68,102,1.0,88,-0.187311665606689,0.0734902432271879
CG10,103,1.0,89,0.0394500169541076,0.0693931165079553
CG106,104,1.0,90,-0.0213384437155538,0.0725253683932314
CG108,105,1.0,91,0.209608599170566,0.069484755656536
CG65,106,1.0,92,-0.0917493506125605,0.0718519108568672
CH157,107,1.0,93,-0.228839505472959,0.0695141134927339
CH9,110,1.0,94,-0.326506507700368,0.0694552651160838
CI21E,113,1.0,95,-0.33412063027719,0.0699489558363924
CI28A,114,1.0,96,-0.136905031566992,0.0697560735441396
CI31A,115,1.0,97,-0.154231868045053,0.0694922614732397
CI3A,116,1.0,98,-0.0354487447789971,0.0694274016558734
CI64,118,1.0,99,-0.158049859679441,0.0701676135665095
CI90C,119,1.0,100,0.249968928700546,0.0697777578760821
CI91B,120,1.0,101,0.2519603258838,0.0722780385844102
CL17,121,1.0,102,0.00480554778106984,0.070697640935386
CL18,122,1.0,103,0.0336619554031258,0.0707463841328033
CL22,123,1.0,104,0.204042653420248,0.0700395061781681
CL27,124,1.0,105,0.10644955112066,0.0701641841933045
CM105,125,1.0,106,0.0841281102479622,0.0784130388837828
CM99,125,1.0,106,0.0841281102479622,0.0784130388837828
CM7,125,1.0,106,0.0841281102479622,0.0784130388837828
CM174-2,126,1.0,107,0.209395798718346,0.0692111661655444
CM174-1,126,1.0,107,0.209395798718346,0.0692111661655444
CM48,127,1.0,108,0.116884834469868,0.0708905329609399
CO106,161,1.0,109,-0.18609178915049,0.0694562469900504
CO117,162,1.0,110,0.015169277039333,0.0694315698261681
CO125,163,1.0,111,0.25723224050722,0.0693914566638678
CO158,164,1.0,112,-0.149852697996184,0.0695376968296732
CO192,165,1.0,113,0.0646574339092945,0.0698629766652228
CO216,166,1.0,114,-0.181145538035534,0.0694820573222522
CO236,167,1.0,115,-0.212545559692463,0.069474241525825
CO237,168,1.0,116,-0.0430240681329067,0.0694188078775305
CO245,169,1.0,117,0.0373535278357378,0.0698361473282521
CO255,170,1.0,118,0.196893807636835,0.0708159153993724
CO256,171,1.0,119,-0.0835377684547369,0.071424465729072
CO257,172,1.0,120,0.167537490552758,0.0727985768382698
CO258,173,1.0,121,-0.237183341029784,0.0730355201583381
CR1HT,174,1.0,122,0.19927770523574,0.0735440101374811
CSJ3,176,1.0,123,-0.275518877108943,0.0693997086111907
DE3,177,1.0,124,-0.20592196463737,0.0714292050262521
DE4,178,1.0,125,0.059537609089317,0.07082951710776
DE811,179,1.0,126,0.150477414032697,0.0746751159926874
DK4676A,180,1.0,127,-0.0139853335831037,0.0732261994302695
DK78371A,181,1.0,128,-0.0789448237859076,0.0751598392100553
DKFBHJ,182,1.0,129,0.183237606812822,0.0756680125362604
DKHBA1,183,1.0,130,0.165852488169171,0.0705338138886124
DKIB014,184,1.0,131,-0.188874295540694,0.0713959762359467
DKIB02,185,1.0,132,0.0489650506607253,0.0706628776676471
DKMBNA,186,1.0,133,0.294832354431436,0.0782042155077667
DKMBPM,187,1.0,134,0.0936640223872682,0.0701816615829914
DKPB80,189,1.0,135,0.121019918707832,0.0815657601332799
E2558W,190,1.0,136,-0.0635127053037271,0.0702267989021177
EP1,193,1.0,137,-0.0894972007022367,0.0704316257614344
F115,194,1.0,138,-0.0850925697978674,0.0693643486633621
F2834T,195,1.0,139,-0.159289601805408,0.0718020988292163
F431,196,1.0,140,-0.0258753668143584,0.069909905679609
F44,197,1.0,141,0.0117932012722782,0.0701642328210763
F7,198,1.0,142,-0.140131056940314,0.0713945363505179
FC46,199,1.0,143,-0.26250109266314,0.0716672677241807
FR19,200,1.0,144,0.155024669181252,0.0726650813944988
G80,203,1.0,145,0.124787041617098,0.0737655725659027
PHG80,203,1.0,145,0.124787041617098,0.0737655725659027
GE129,204,1.0,146,-0.272720673685488,0.069720326627344
GE54,205,1.0,147,0.189763016150572,0.0697329318904382
H110,206,1.0,148,-0.215400865619521,0.071492208116308
H113,207,1.0,149,-0.0015464331365953,0.0698472028700559
H114,208,1.0,150,-0.0831511819473071,0.072227686669883
H121,209,1.0,151,0.230042664422582,0.0696090797196337
H122W,210,1.0,152,-0.120013573346872,0.0728236744424237
H124W,211,1.0,153,-0.178867510383796,0.0698938682124973
H14,212,1.0,154,-0.0667265960084965,0.0698742373846448
H49,213,1.0,155,-0.0181044060209461,0.0700909917469038
H5,214,1.0,156,-0.0363717683412725,0.0697801546873456
H52,215,1.0,157,-0.120698744639193,0.0694666572788328
H71,216,1.0,158,-0.111648352446309,0.0694083008104547
H84,217,1.0,159,0.123426142310011,0.0716718945931725
H91,218,1.0,160,0.141063630559497,0.0862332813856215
H95,219,1.0,161,0.318025989805451,0.0704221834344825
H96,220,1.0,162,0.0481808845405008,0.0700589869529904
H99,221,1.0,163,-0.1533012978937,0.0701017331753998
HI26,222,1.0,164,0.164928711389498,0.0706829217270693
HI28,223,1.0,165,-0.251815726252403,0.0726479990812661
HP301,224,1.0,166,0.173117170181884,0.0714943719737811
HUANYAO,226,1.0,167,0.0877420828801806,0.0730264203383885
YE_4,226,1.5,167,0.0877420828801806,0.0730264203383885
HUOBAI,227,1.0,168,0.248694454237172,0.0716192599909852
HY,228,1.0,169,-0.11333381493841,0.0701100292314192
I159,229,1.0,170,-0.103503144609552,0.0703380913614957
I205,230,1.0,171,-0.341290158526968,0.0704692094904436
I29,231,1.0,172,-0.0171129092637265,0.0703593026378086
IA5125B,233,1.0,173,0.138175327208658,0.0716436520296597
IDS28,234,1.0,174,0.179895619386627,0.0705226732815993
IDS69,235,1.0,175,0.182559172991118,0.0713917629377154
IL101T,236,1.0,176,-0.419514928699976,0.076998319188702
IL14H,237,1.0,177,-0.361960737926564,0.0749841102207953
IL778D,238,1.0,178,-0.145984285554411,0.0719851328805097
K148,244,1.0,179,-0.16301455889587,0.0695698674013338
K150,245,1.0,180,0.147246140960227,0.0694621038221769
K155,246,1.0,181,0.00442614474055952,0.0694171022994698
K201,247,1.0,182,-0.0170962425548811,0.0694829674973251
K4,248,1.0,183,0.0595048815975068,0.0694495668809952
K41,249,1.0,184,0.337312872313666,0.0694894221205239
K47,250,1.0,185,0.197276302820426,0.0701865281962745
K55,251,1.0,186,-0.0796018512135364,0.0696417439644111
K64,252,1.0,187,-0.178264520009432,0.0695605732411672
KI11,253,1.0,188,-0.185303439036669,0.0747497353269185
KI21,254,1.0,189,0.343506256599314,0.0733981561014522
KI3,255,1.0,190,-0.06828266739313,0.0757013559463502
KI43,256,1.0,191,0.111111641099037,0.074184636243534
KO679Y,257,1.0,192,-0.0450019269343198,0.0702467457262946
KY21,259,1.0,193,0.280832724572017,0.0694713233517036
KY226,260,1.0,194,-0.113176889319394,0.0704312170453168
KY228,261,1.0,195,0.13519987291272,0.0694732323975193
L317,263,1.0,196,0.124496789569917,0.0695525692407038
LH1,264,1.0,197,-0.31617825231675,0.0721662361098481
LH123HT,265,1.0,198,-0.0223503288852484,0.0745307548453814
LH145,267,1.0,199,0.0573643383226142,0.0799779242203987
LH149,268,1.0,200,0.0664666320723789,0.0776536186429384
LH38,269,1.0,201,-0.0374231675653051,0.0736579190618337
LH39,270,1.0,202,-0.301901704709774,0.0734797826113131
LH59,271,1.0,203,-0.0645639472479673,0.0783788222864855
LH60,272,1.0,204,0.217474393248378,0.0730836821061897
LH61,273,1.0,205,0.129246057750981,0.0800888842989771
LH82,274,1.0,206,-0.366343305087162,0.0703126088901566
LH93,275,1.0,207,-0.347077135276035,0.0694739379657108
LP5,276,1.0,208,0.290769730932924,0.0779084006239089
M14,277,1.0,209,-0.0350266525579835,0.0696458475326336
M162W,278,1.0,210,-0.177429399425942,0.0705539335609905
M37W,279,1.0,211,0.0509521831129927,0.0710319029486327
MO15W,281,1.0,212,0.137954528302109,0.0696866963400737
MO17,282,1.0,213,0.174563021486066,0.0839649611627034
MO23W,283,1.0,214,0.221586343251919,0.0695323205308137
MO24W,284,1.0,215,0.264539843672886,0.0695935707414298
MO28W,285,1.0,216,0.0257242469480287,0.070178147564403
MO3,286,1.0,217,-0.0551398433358181,0.0696859658452639
MO30W,287,1.0,218,0.123570541780447,0.0701776150245702
MO39,288,1.0,219,-0.112730955270533,0.0700195798484853
MO44,289,1.0,220,0.258101689373476,0.0694967188768674
MO45,290,1.0,221,-0.21166615642675,0.0702830734743079
MO47,291,1.0,222,-0.0906709781141374,0.0700986112892717
MO5,292,1.0,223,-0.04121415698422,0.069564909425374
MO7,293,1.0,224,-0.193958213518604,0.0695534326716087
MOG,294,1.0,225,0.159669338946521,0.0694238360558716
MP339,295,1.0,226,0.120178240733613,0.0701603051136549
MS106,296,1.0,227,0.112307121012004,0.0694625330311069
MS116,297,1.0,228,-0.287286061859859,0.0693667061783408
MS12,298,1.0,229,0.200331072128657,0.0694390382878731
MS132,299,1.0,230,-0.0467263778657713,0.0697285295508093
MS142,300,1.0,231,-0.229117801265513,0.0693629960949411
MS153,301,1.0,232,0.216382698205376,0.0694006549252125
MS211,302,1.0,233,-0.0348237917230885,0.069373646595565
MS221,303,1.0,234,0.0541288199055946,0.0764884449701447
MS222,303,1.0,234,0.0541288199055946,0.0764884449701447
MS223,304,1.0,235,-0.16828490726591,0.0694275720716155
MS224,305,1.0,236,0.0942321392116891,0.0698795019595099
MS225,306,1.0,237,0.300601657447761,0.0698601670070273
MS226,307,1.0,238,-0.292185177174786,0.0714624488484176
MS24A,308,1.0,239,0.225482068175064,0.06943941268836
MS67,309,1.0,240,0.202902539749614,0.0694243130513693
MS72,310,1.0,241,-0.0172915876377979,0.0694120671171359
MT42,311,1.0,242,0.375460029983049,0.0694282836559479
N193,312,1.0,243,0.168662822484495,0.0697492436782965
N197,313,1.0,244,0.0227447384177014,0.0793945196249816
N199,314,1.0,245,0.313152460546001,0.0697650062979406
N209,315,1.0,246,0.312958430374032,0.0729740303381087
N215,316,1.0,247,-0.136970383776298,0.0698749115827319
N216,317,1.0,248,-0.150901066595141,0.070120927737203
N217,318,1.0,249,0.0796780337526815,0.0815653065045452
N218,319,1.0,250,-0.0857364005374239,0.0816773270808742
N28,320,1.0,251,-0.0306752788147099,0.072519886007094
N28E,321,1.0,252,-0.100037917608815,0.0712158820793254
N28HT,322,1.0,253,0.101184355768973,0.0725199653102426
N501,323,1.0,254,-0.0898643485716271,0.0728556028387949
N527,324,1.0,255,0.0510026065369982,0.0718731377824839
N534,325,1.0,256,-0.141163595119333,0.0700577202440294
N538,326,1.0,257,0.00863300008753135,0.072771511272329
N542,327,1.0,258,0.101633164337174,0.0724387883273882
N545,328,1.0,259,-0.0452236092257995,0.0724812910918253
N6,329,1.0,260,0.0248235220530144,0.0693514512660178
N7A,330,1.0,261,-0.0308297571469514,0.0719735770383135
NC13,331,1.0,262,-0.251537249639204,0.0696331545272892
NC222,332,1.0,263,-0.116363473429521,0.0696298979078466
NC230,333,1.0,264,0.191973811643648,0.0696114722948355
NC232,334,1.0,265,0.218303005325498,0.0698219918208781
NC236,335,1.0,266,0.0136380592760494,0.0694762821390697
NC250,336,1.0,267,0.173140585898983,0.0714360889510466
NC264,337,1.0,268,-0.0892774681202559,0.070983851409243
NC298,338,1.0,269,0.0611714763276832,0.0750962780345698
NC318,339,1.0,270,0.0388632831872613,0.070840834608996
NC340,340,1.0,271,-0.000573607794731645,0.0755992925004082
NC342,341,1.0,272,0.187741252935532,0.0705253736127315
NC344,342,1.0,273,-0.0894814821971865,0.0715421625039471
NC356,343,1.0,274,-0.032060395351535,0.0748297679090254
NC358,344,1.0,275,-0.077477680023494,0.0745045797150006
NC412,345,1.0,276,0.0139707840068736,0.0712488123920984
NC472,346,1.0,277,0.213179186765258,0.0734282295201323
ND1,347,1.0,278,0.227694646205466,0.071275243549634
ND101,348,1.0,279,0.0135810467650212,0.070063353437175
ND167,349,1.0,280,-0.121056956905492,0.0694221126531137
ND230,350,1.0,281,0.103017280654553,0.069461207962841
ND246,351,1.0,282,0.00689104630173915,0.0691996550373423
ND245,351,1.0,282,0.00689104630173915,0.0691996550373423
ND247,352,1.0,283,-0.208398666019096,0.0694394662006916
ND251,353,1.0,284,0.207255269335224,0.069461348673999
ND260,354,1.0,285,0.0447680682037682,0.0693653757621712
ND262,355,1.0,286,-0.16811624375899,0.0694604857471693
ND265,356,1.0,287,-0.265436121582325,0.0694436101049955
ND283,357,1.0,288,0.213105984390005,0.0694231729517861
NK740,358,1.0,289,0.227718257468206,0.0813918830318399
NKH8431,359,1.0,290,0.103738114370336,0.0757525194302234
NKS8324,360,1.0,291,0.153797313542171,0.0775246590260634
NP87,362,1.0,292,-0.219867889367295,0.0711511826950853
NY6371,364,1.0,293,-0.0606825171671019,0.0705515941805352
OC19,365,1.0,294,0.332733526359861,0.0695856396543379
OH33,366,1.0,295,-0.207203436415028,0.0693901822831957
OH40B,367,1.0,296,-0.0524633323210625,0.0716228417751108
OH43,368,1.0,297,-0.0966333170259576,0.0732017127063779
OH7,369,1.0,298,0.131640899694867,0.0699246500758693
OH7B,370,1.0,299,0.166472723144949,0.0698829351106989
OS420,371,1.0,300,0.136689813955152,0.0696111960166341
OS426,372,1.0,301,0.144461624336501,0.0695697158933384
P39,373,1.0,302,0.0619391333161814,0.076588915778243
PA392,374,1.0,303,-0.233138973292623,0.0695015178327867
PA405,375,1.0,304,-0.0227557041746078,0.0693804157147529
PA468,376,1.0,305,-0.182904719300491,0.0696461830071388
PA762,377,1.0,306,-0.210757580908093,0.0721002168696434
PA778,378,1.0,307,-0.00626600193552329,0.072273806866585
PA880,379,1.0,308,-0.17058932676494,0.0697931744735427
PA891,380,1.0,309,0.307594021758896,0.0704920413602257
PHB09,381,1.0,310,0.0806266300144421,0.0735633158179922
PHG29,382,1.0,311,0.000377264121502963,0.0714197009082924
PHG35,383,1.0,312,-0.0887241001939033,0.0708505035211117
PHG39,384,1.0,313,-0.294960702245819,0.0711998321313513
PHG47,385,1.0,314,-0.314193697561,0.0763101550607296
PHG50,386,1.0,315,-0.0652846886999625,0.0706904252085569
PHG72,387,1.0,316,-0.0984474197586311,0.0720439476794476
PHJ40,388,1.0,317,0.14273927653634,0.0718508996998938
PHK76,389,1.0,318,-0.283276872180641,0.0736824253971266
PHN11,390,1.0,319,-0.00798471675003382,0.071402214163862
PHR36,391,1.0,320,-0.18971766214944,0.0697822774403804
PHT55,392,1.0,321,-0.279113830032735,0.0756523679726746
PHT77,393,1.0,322,-0.208886135318461,0.0720233260374256
PHV63,394,1.0,323,-0.236829257354369,0.0721842333979184
PHW17,395,1.0,324,-0.356414662770762,0.0768861777350717
PHZ51,396,1.0,325,-0.23911057008607,0.0705931580857625
R101,397,1.0,326,0.0111927352086329,0.0697132835136898
R113,398,1.0,327,0.106344361162628,0.069576334055778
R134,399,1.0,328,-0.156706332725536,0.0694521709941682
R168,400,1.0,329,0.246372936011948,0.069475681960888
R177,401,1.0,330,-0.117644736654169,0.0697156098886228
R181B,402,1.0,331,0.0608407166733805,0.0695865664821622
R197,403,1.0,332,-0.0650114382086278,0.0694976995371417
R225,404,1.0,333,-0.0873147750133776,0.070392600199638
R226,405,1.0,334,0.0609547275296547,0.0712866419944682
R227,406,1.0,335,-0.134296697322131,0.0728928110211194
R229,407,1.0,336,-0.244417397453194,0.0796428673855871
R30,408,1.0,337,-0.170654396186673,0.0696554610288574
R4,409,1.0,338,-0.384077992061097,0.0698618947994255
R53,410,1.0,339,0.0548983339160203,0.0694296941180135
R71,411,1.0,340,0.0656926668744525,0.0696101359379563
R78,412,1.0,341,-0.287354734278046,0.0694333925707931
SD101,414,1.0,342,0.185737763955286,0.0715851630991884
SD102,415,1.0,343,-0.0827560962765789,0.070975353709918
SD107,416,1.0,344,-0.0248592015187871,0.0771403387286761
SD15,417,1.0,345,-0.017986092231818,0.0703683270877578
SD40,418,1.0,346,-0.0281289873521778,0.0721555997890111
SD42,419,1.0,347,0.0221884740087684,0.0694962319883309
SD44,420,1.0,348,-0.371373186507699,0.0700968657455314
SG1533,421,1.0,349,-0.182275448142052,0.0711324293210551
SG18,422,1.0,350,0.194967508143633,0.0714186808884507
T141,424,1.0,351,0.119056929159643,0.0696550159297311
T146,425,1.0,352,0.306065117539,0.0711813649203196
T232,426,1.0,353,0.305974037923806,0.0699541712620958
T234,427,1.0,354,-0.206696997180337,0.0695608250229309
T242,428,1.0,355,0.233901331368253,0.0703327469617817
T9,429,1.0,356,0.139181486525961,0.0754909240229501
TR,430,1.0,357,-0.0255187146806222,0.0698749357300898
TX303,431,1.0,358,0.00637193101329392,0.0709056229595109
U267Y,434,1.0,359,-0.108369555670333,0.0705293282257351
VA102,435,1.0,360,-0.166111203369843,0.0702355612349733
VA14,436,1.0,361,-0.154686507767378,0.0698751512873342
VA38,437,1.0,362,-0.0582830991812079,0.0698824367755242
VA52,438,1.0,363,-0.334766881703751,0.0713063592914525
VA85,439,1.0,364,-0.23632532554809,0.0699272353637753
VA99,440,1.0,365,0.112034398756081,0.0701336269746447
VAW6,441,1.0,366,-0.143340177408711,0.0700001847106971
W117HT,442,1.0,367,0.060316165232982,0.069366599252004
W153R,443,1.0,368,-0.065226084052211,0.069533384271553
W182BN,444,1.0,369,0.0101752964814908,0.0696309520902691
W22,445,1.0,370,-0.166153977049234,0.0695430653565009
W23,446,1.0,371,0.0465840040804369,0.0694233867988704
W24,447,1.0,372,0.163306635884727,0.0697417703145124
W32,448,1.0,373,0.0793848724056244,0.0694930452968315
W37A,449,1.0,374,-0.00959183844336464,0.0695036366830481
W552,450,1.0,375,0.19475462953434,0.0699202562054277
W59E,451,1.0,376,0.0571727079055681,0.0694638521752986
W601S,452,1.0,377,0.217485374755779,0.0725452011191121
W603S,453,1.0,378,0.18932370887722,0.0724930607307614
W604S,454,1.0,379,0.203677419925188,0.0728329681000845
W605S,455,1.0,380,0.357787273573627,0.0738156333921103
W606S,456,1.0,381,0.155751398912017,0.0732578058312127
W607S,457,1.0,382,-0.269584654021458,0.0708660359715437
W608S,458,1.0,383,-0.23706672275799,0.070345199808238
W609S,459,1.0,384,0.125040231087496,0.0729362133150281
W610S,460,1.0,385,-0.264507488456289,0.075002332181789
W611S,461,1.0,386,-0.0955477907730727,0.0717603538988543
W612S,462,1.0,387,0.00989766709508233,0.0721250349430504
W64A,463,1.0,388,0.145797501636456,0.0711815767647132
W701BC,464,1.0,389,-0.03644640458686,0.0695573640794098
W703,465,1.0,390,0.118629924105025,0.0699282406709918
W802G,467,1.0,391,-0.0271103889919618,0.0697149602252677
W803G,468,1.0,392,-0.0204592251616048,0.0708284823546943
W809G,469,1.0,393,0.101891093857766,0.0771355593849004
W810G,470,1.0,394,-0.171847552426816,0.0703874290240208
W811G,471,1.0,395,-0.0676269947087003,0.0768472791925656
W812G,472,1.0,396,-0.17123848955696,0.0748249197339114
W813G,473,1.0,397,-0.282570531704092,0.0788576082864912
W814G,474,1.0,398,-0.0725224088912925,0.0705409876853855
W815G,475,1.0,399,-0.250631118329553,0.0713325964492316
W816G,476,1.0,400,-0.145589520212673,0.0716095385011618
W817G,477,1.0,401,0.153872026982863,0.0718829718043106
W818G,478,1.0,402,0.161493764395282,0.0781656995739744
W819G,479,1.0,403,0.122292042100274,0.079061387815215
W820G,480,1.0,404,0.12232068392742,0.0765677684981589
W821G,481,1.0,405,0.142735018012127,0.0732734642909823
W85,482,1.0,406,0.0915708795770914,0.0765939429396878
W9,483,1.0,407,0.0642793485284232,0.0695379956034511
WD,484,1.0,408,0.207806073012232,0.0697400404243426
WR3,485,1.0,409,0.0632651157430355,0.0693980285182606
WXB6,487,1.0,410,-0.291473825232874,0.0701067122488454
YANG,488,1.0,411,0.148185085091071,0.0744315565004884
04033V,1,2.0,1,-0.0329184731745545,0.0719807048136238
33-16,2,2.0,2,-0.12670669977598,0.0696300419389067
38-11,3,2.0,3,-0.0771121159693737,0.0694306808296921
4226,4,2.0,4,0.0143195874964215,0.0695085721036841
4554_INBRED,5,2.0,5,0.105746052485836,0.0708231227518573
4578_INBRED,6,2.0,6,0.0462966789046443,0.0722803062669469
4722,7,2.0,7,0.0700810395544304,0.0708379873248271
4F-35_BK,8,2.0,8,0.00237352510629399,0.0703255205536782
52220,9,2.0,9,0.0360134157232038,0.0716702333836297
80-2,10,2.0,10,0.0519432973340895,0.0704872256419405
A415-1-3_INBRED,28,2.0,11,0.00530311957836272,0.070285597055142
AUSTRCF_306238,52,2.0,12,-0.0274855673253116,0.0756341369924809
B-18_INBR.FR.SUPERGOLD,72,2.0,13,0.047486460318565,0.071463279297561
B-28,74,2.0,14,0.132918535295936,0.070675456191381
CH701-30,108,2.0,15,-0.00642021328722177,0.0692579421663258
CH753-4,109,2.0,16,0.10891429844234,0.0821944040799512
CHI-TAN_120,111,2.0,17,0.0385571713955079,0.0709359177472424
CI187-2,112,2.0,18,0.0719433930123828,0.0691855631951217
CI_40H,117,2.0,19,0.125926815692042,0.0693973137432761
CML-108,128,2.0,20,-0.00415139357265487,0.0703605986736855
CML-144,129,2.0,21,-0.0375065447794609,0.0707360113072622
CML-161,130,2.0,22,-0.00338402407761701,0.0705554177486709
CML-176,131,2.0,23,0.023038068571259,0.0708440860753531
CML-197,132,2.0,24,0.0280737557017223,0.071469960900709
CML-202,133,2.0,25,-0.0223173340933749,0.0704555176306319
CML-216,134,2.0,26,-0.0518510374326261,0.0702440033013229
CML-218,135,2.0,27,-0.0238362611732239,0.0707903810980502
CML-220,136,2.0,28,0.00437161433775098,0.070820097348524
CML-228,137,2.0,29,-0.0439867044662136,0.07170690903948
CML-247,138,2.0,30,-0.0294645952787479,0.0706961148184738
CML-251,139,2.0,31,-0.016156888191837,0.0709003303576361
CML-254,140,2.0,32,-0.00448877914997962,0.0706066556314594
CML-264,141,2.0,33,0.000400251492676534,0.0707939506595371
CML-277,142,2.0,34,-0.00857758148996172,0.0710329098589109
CML-287,143,2.0,35,-0.013749634874145,0.0704533454459618
CML-312,144,2.0,36,0.0199736416707599,0.0710902708448449
CML-322,145,2.0,37,0.0246281448361028,0.071073122924789
CML-323,146,2.0,38,0.0506511946048526,0.0709771025665726
CML-376,147,2.0,39,-0.021647444403731,0.0705948910312713
CML-421,148,2.0,40,-0.0240287455809498,0.0708133098922218
CML-444,149,2.0,41,-0.00389933682456253,0.0709333835895883
CML-448,150,2.0,42,-0.00827146163705726,0.0708606381047654
CML-451,151,2.0,43,0.0253642513731386,0.0712086576872687
CML-456,152,2.0,44,-0.0193863952011451,0.0710712603078962
CML-465,153,2.0,45,-0.0157710317844392,0.070781401679137
CML-488,154,2.0,46,-0.0376011966796859,0.0704710947007921
CML-491,155,2.0,47,-0.031604462258845,0.0706077088903035
CML-505,156,2.0,48,-0.000207829098775495,0.0710525618147791
CML-509,157,2.0,49,-0.0141403720764794,0.0709661241238232
CML-511,158,2.0,50,0.0183728797669055,0.070923537825163
CML-52,159,2.0,51,0.0161133032593914,0.0706032123217535
CML-91,160,2.0,52,-0.000869873176144227,0.070899283517288
CR_22_INBRED,175,2.0,53,0.0144934265059858,0.0697368951257037
DKMFD-13D,188,2.0,54,-0.0414630694508252,0.0723783390317191
EAST_028,191,2.0,55,-0.0374625751318037,0.0697472752911896
ENG-LI_CHIH,192,2.0,56,-0.00761325659650219,0.0696457879318558
G22_T122,201,2.0,57,0.0890299741156582,0.0726519891166935
G3_T5A,202,2.0,58,0.0639722766538349,0.0733360698339669
HP72-11,225,2.0,59,0.131283788604728,0.0714555950014293
IA-453,232,2.0,60,-0.031691592619103,0.0744302698612586
INBRED_100,239,2.0,61,-0.00764740085023172,0.0698152214406412
INBRED_109,240,2.0,62,0.00330969750981688,0.0696419565185022
INBRED_141,241,2.0,63,-0.00298454267805485,0.0691592149338159
INBRED_305,242,2.0,64,0.00973875470300082,0.0712545654171774
INBRED_309,243,2.0,65,0.00470076167924354,0.071044400138642
KUNG-70,258,2.0,66,-0.0752362669686722,0.0702683066769405
L_289,262,2.0,67,-0.0512382979281988,0.070432105596276
LH143_MAINTAINER,266,2.0,68,0.0770167927190087,0.08222757225318
MEF156-55-2,280,2.0,69,0.0448799344666477,0.0732068758288199
NO._380,361,2.0,70,0.0352821284527345,0.0731626178798185
NY_159_(NEVEH_YAAR),363,2.0,71,-0.0214147455149164,0.0706385130159095
S_56,413,2.0,72,-0.0177728860540558,0.0722070732055118
SG_30A,423,2.0,73,0.0213468418299496,0.0712430169872273
TZU-CHIAO-HSI-WU_105,432,2.0,74,0.0324357480623934,0.0716773954443895
U_123,433,2.0,75,0.0788751868630804,0.0719052871298091
W_7151,466,2.0,76,0.0190747357554269,0.0746299220631348
WU-TAN-TZAO,486,2.0,77,-0.0322737484175725,0.0702562861035126
YE-CHI-HUNG,489,2.0,78,0.0854591913997596,0.0721364950203353
YELLOW_3-4,490,2.0,79,0.0893880266264282,0.071982738911796
YING-55,491,2.0,80,-0.0137621625838664,0.0692719088905067
YONG_28,492,2.0,81,0.0675306748182511,0.0699719829248164
YU796_NS,493,2.0,82,0.0650565415076846,0.0712764729853145
