Infor,Time,Elapsed
GAPIT,1439501716.29468,0
Genotype start,1439501716.42674,0.132059812545776
Genotype loaded,1439501716.54054,0.113800048828125
byFile,1439501716.75967,0.219130039215088
Before Fragment,1439501716.87217,0.112499952316284
After Fragment,1439501968.24687,251.374700069427
END this Fragment,1439501968.52866,0.281790018081665
Sampling genotype,1439501968.73631,0.207649946212769
set kinship,1439501969.01019,0.273880004882812
prepare heatmap,1439501969.38438,0.374190092086792
plot heatmap,1439501981.11738,11.7329998016357
Before SUPER,1439501981.3832,0.265820026397705
Before PCA,1439501981.61733,0.234130144119263
Before creating kinship,1439501981.83379,0.216459989547729
after creating kinship,1439501982.04945,0.215659856796265
after LD plot,1439501982.26453,0.21508002281189
Genotype for all,1439501983.04114,0.776610136032104
QC,1439501986.79731,3.75617003440857
SagnwichTop,1439501986.99443,0.197119951248169
DataProcessing,1439501987.19643,0.20199990272522
CP start,1439501987.39656,0.200129985809326
Does this change memory0,1439501987.59236,0.195800065994263
CP distance,1439501987.79057,0.198210000991821
CP cluster,1439501988.19865,0.408079862594604
CP cutree,1439501988.41275,0.214100122451782
CP calculation original,1439501990.10501,1.69226002693176
CP calculation,1439501990.30881,0.203799962997437
PreP3D 2_cp,1439501990.51254,0.20373010635376
PreP3D 2_bk,1439501990.78071,0.26816987991333
PreP3D 2_zc,1439501991.36266,0.581949949264526
Prio PreP3D,1439501991.57037,0.207710027694702
P3D Start,1439501991.77286,0.202490091323853
eig.L,1439501992.40935,0.636489868164062
eig.R,1439501993.4787,1.06935000419617
REML,1439501994.55751,1.07880997657776
eig.R removed,1439501994.95564,0.398130178451538
Trait,1439501995.36669,0.411049842834473
REML,1439501996.44497,1.07827997207642
eig.R removed,1439501996.84669,0.40172004699707
REMLE removed,1439501997.23809,0.391400098800659
U Matrix,1439501997.44047,0.202379941940308
eig.L removed,1439501997.84204,0.401570081710815
New Genotype file,1439501998.04083,0.198789834976196
Before cleaning,1439501998.24033,0.19950008392334
After cleaning,1439501998.63605,0.3957200050354
Memory allocation,1439501998.83983,0.203779935836792
ReducedModel,1439501999.04697,0.20713996887207
before Dt clean,1439501999.25251,0.205540180206299
Dt clean,1439501999.64925,0.396739959716797
BLUP,1439501999.84718,0.197929859161377
PEV,1439502000.83673,0.989550113677979
K normal,1439502001.042,0.205270051956177
K set to 1,1439502001.44576,0.403759956359863
Screening SNPs,1439502001.6474,0.201639890670776
GWAS done for this Trait,1439502002.23897,0.591570138931274
Post PreP3D,1439502002.53869,0.299720048904419
CP start,1439502002.8415,0.302809953689575
Does this change memory0,1439502003.13436,0.29286003112793
CP distance,1439502003.42845,0.294090032577515
CP cluster,1439502003.96137,0.532919883728027
CP cutree,1439502004.26703,0.305660009384155
CP calculation original,1439502006.03632,1.76928997039795
CP calculation,1439502006.33409,0.297770023345947
PreP3D 2_cp,1439502006.63407,0.29997992515564
PreP3D 2_bk,1439502007.00179,0.367720127105713
PreP3D 2_zc,1439502007.69,0.688210010528564
Prio PreP3D,1439502007.99336,0.303359985351562
P3D Start,1439502008.28551,0.292150020599365
eig.L,1439502010.92959,2.64407992362976
eig.R,1439502013.63539,2.70580005645752
REML,1439502016.34976,2.71437001228333
eig.R removed,1439502016.93835,0.588589906692505
Trait,1439502017.52807,0.589720010757446
REML,1439502020.23114,2.70306992530823
eig.R removed,1439502020.82038,0.589240074157715
REMLE removed,1439502021.39644,0.576060056686401
U Matrix,1439502021.699,0.302559852600098
eig.L removed,1439502022.28855,0.589550018310547
New Genotype file,1439502022.57989,0.291340112686157
Before cleaning,1439502022.87276,0.292870044708252
After cleaning,1439502023.46276,0.589999914169312
Memory allocation,1439502023.75925,0.296489953994751
ReducedModel,1439502024.05682,0.297569990158081
before Dt clean,1439502024.55901,0.502190113067627
Dt clean,1439502025.14666,0.587650060653687
BLUP,1439502025.44407,0.297410011291504
PEV,1439502026.68119,1.2371199131012
K normal,1439502026.98248,0.301290035247803
K set to 1,1439502027.56416,0.581680059432983
Screening SNPs,1439502027.86009,0.295929908752441
GWAS done for this Trait,1439502028.55452,0.694429874420166
Post PreP3D,1439502028.85312,0.298600196838379
CP start,1439502029.14657,0.293449878692627
Does this change memory0,1439502029.4466,0.300029993057251
CP distance,1439502029.74284,0.296240091323853
CP cluster,1439502030.27858,0.535739898681641
CP cutree,1439502030.58671,0.308130025863647
CP calculation original,1439502032.31038,1.72367000579834
CP calculation,1439502032.61234,0.301959991455078
PreP3D 2_cp,1439502032.91452,0.302180051803589
PreP3D 2_bk,1439502033.28084,0.366319894790649
PreP3D 2_zc,1439502033.96446,0.683619976043701
Prio PreP3D,1439502034.26886,0.304400205612183
P3D Start,1439502034.56451,0.295650005340576
eig.L,1439502037.09839,2.53387999534607
eig.R,1439502039.6741,2.5757098197937
REML,1439502042.2439,2.56980013847351
eig.R removed,1439502042.83264,0.58873987197876
Trait,1439502043.42503,0.592390060424805
REML,1439502046.00439,2.57936000823975
eig.R removed,1439502046.59436,0.589970111846924
REMLE removed,1439502047.17426,0.579899787902832
U Matrix,1439502047.49929,0.325030088424683
eig.L removed,1439502048.10591,0.606620073318481
New Genotype file,1439502048.42628,0.320369958877563
Before cleaning,1439502048.7509,0.324620008468628
After cleaning,1439502049.40088,0.649980068206787
Memory allocation,1439502049.73078,0.329899787902832
ReducedModel,1439502050.04282,0.312040090560913
before Dt clean,1439502050.54876,0.505939960479736
Dt clean,1439502051.18999,0.64123010635376
BLUP,1439502051.514,0.324009895324707
PEV,1439502052.72837,1.21437001228333
K normal,1439502053.04665,0.318279981613159
K set to 1,1439502053.6686,0.621950149536133
Screening SNPs,1439502053.98146,0.312860012054443
GWAS done for this Trait,1439502054.70303,0.721570014953613
Post PreP3D,1439502055.01893,0.315899848937988
CP start,1439502055.33663,0.317700147628784
Does this change memory0,1439502055.65102,0.314389944076538
CP distance,1439502055.96984,0.318819999694824
CP cluster,1439502056.52637,0.556529998779297
CP cutree,1439502056.84406,0.317689895629883
CP calculation original,1439502058.54204,1.69798016548157
CP calculation,1439502058.83299,0.290949821472168
PreP3D 2_cp,1439502059.12245,0.289460182189941
PreP3D 2_bk,1439502059.48126,0.358809947967529
PreP3D 2_zc,1439502060.14889,0.667629957199097
Prio PreP3D,1439502060.45276,0.303869962692261
P3D Start,1439502060.73327,0.280509948730469
eig.L,1439502063.13258,2.39931011199951
eig.R,1439502065.56977,2.43719005584717
REML,1439502068.01082,2.44104981422424
eig.R removed,1439502068.57438,0.563560009002686
Trait,1439502069.14453,0.570150136947632
REML,1439502071.58023,2.43569993972778
eig.R removed,1439502072.15113,0.570899963378906
REMLE removed,1439502072.70525,0.554120063781738
U Matrix,1439502072.99787,0.292619943618774
eig.L removed,1439502073.55777,0.559900045394897
New Genotype file,1439502073.84376,0.285989999771118
Before cleaning,1439502074.1258,0.282039880752563
After cleaning,1439502074.68425,0.558450222015381
Memory allocation,1439502074.97362,0.289369821548462
ReducedModel,1439502075.25872,0.285099983215332
before Dt clean,1439502075.7404,0.481680154800415
Dt clean,1439502076.30959,0.56919002532959
BLUP,1439502076.58905,0.279459953308105
PEV,1439502077.72812,1.1390700340271
K normal,1439502078.02248,0.294359922409058
K set to 1,1439502078.58082,0.558340072631836
Screening SNPs,1439502078.87685,0.296029806137085
GWAS done for this Trait,1439502079.5621,0.685250043869019
Post PreP3D,1439502079.86299,0.30088996887207
CP start,1439502080.15088,0.287890195846558
Does this change memory0,1439502080.43184,0.280959844589233
CP distance,1439502080.7134,0.281559944152832
CP cluster,1439502081.24127,0.527870178222656
CP cutree,1439502081.54014,0.298869848251343
CP calculation original,1439502083.16262,1.62248015403748
CP calculation,1439502083.45263,0.29000997543335
PreP3D 2_cp,1439502083.73975,0.28711986541748
PreP3D 2_bk,1439502084.09379,0.354040145874023
PreP3D 2_zc,1439502084.75847,0.664680004119873
Prio PreP3D,1439502085.05434,0.295869827270508
P3D Start,1439502085.34326,0.288920164108276
eig.L,1439502087.63972,2.29645991325378
eig.R,1439502089.9594,2.31967997550964
REML,1439502092.28777,2.32837009429932
eig.R removed,1439502092.85432,0.566550016403198
Trait,1439502093.42451,0.570189952850342
REML,1439502095.74265,2.31814002990723
eig.R removed,1439502096.30902,0.566370010375977
REMLE removed,1439502096.87407,0.565049886703491
U Matrix,1439502097.16189,0.287820100784302
eig.L removed,1439502097.72839,0.566499948501587
New Genotype file,1439502098.00757,0.27918004989624
Before cleaning,1439502098.28844,0.280869960784912
After cleaning,1439502098.85634,0.567899942398071
Memory allocation,1439502099.13541,0.279070138931274
ReducedModel,1439502099.42678,0.291369915008545
before Dt clean,1439502099.90644,0.479660034179688
Dt clean,1439502100.47759,0.571150064468384
BLUP,1439502100.75788,0.280289888381958
PEV,1439502101.83988,1.08200001716614
K normal,1439502102.12953,0.289649963378906
K set to 1,1439502102.69749,0.567960023880005
Screening SNPs,1439502102.97884,0.281350135803223
GWAS done for this Trait,1439502103.65893,0.680089950561523
Post PreP3D,1439502103.94851,0.28957986831665
CP start,1439502104.22972,0.28121018409729
Does this change memory0,1439502104.51761,0.287889957427979
CP distance,1439502104.802,0.284389972686768
CP cluster,1439502105.32293,0.520930051803589
CP cutree,1439502105.6264,0.303469896316528
CP calculation original,1439502107.21468,1.58827996253967
CP calculation,1439502107.51033,0.295650005340576
PreP3D 2_cp,1439502107.80455,0.294219970703125
PreP3D 2_bk,1439502108.1529,0.348350048065186
PreP3D 2_zc,1439502108.81161,0.65871000289917
Prio PreP3D,1439502109.10841,0.296799898147583
P3D Start,1439502109.38739,0.278980016708374
eig.L,1439502111.59987,2.21248006820679
eig.R,1439502113.83001,2.23013997077942
REML,1439502116.06082,2.23081016540527
eig.R removed,1439502116.62325,0.562429904937744
Trait,1439502117.19468,0.571429967880249
REML,1439502119.42283,2.22815012931824
eig.R removed,1439502119.99406,0.571229934692383
REMLE removed,1439502120.54682,0.552759885787964
U Matrix,1439502120.84199,0.295170068740845
eig.L removed,1439502121.40288,0.560889959335327
New Genotype file,1439502121.68106,0.278180122375488
Before cleaning,1439502121.96616,0.285099983215332
After cleaning,1439502122.52767,0.561509847640991
Memory allocation,1439502122.80685,0.27918004989624
ReducedModel,1439502123.12435,0.317500114440918
before Dt clean,1439502123.60659,0.482239961624146
Dt clean,1439502124.16975,0.563159942626953
BLUP,1439502124.45067,0.280920028686523
PEV,1439502125.48897,1.03830003738403
K normal,1439502125.7788,0.289829969406128
K set to 1,1439502126.34199,0.56318998336792
Screening SNPs,1439502126.62433,0.282340049743652
GWAS done for this Trait,1439502127.30676,0.682430028915405
Post PreP3D,1439502127.60041,0.293649911880493
CP start,1439502127.88187,0.281460046768188
Does this change memory0,1439502128.16267,0.280799865722656
CP distance,1439502128.4511,0.288430213928223
CP cluster,1439502128.97633,0.525229930877686
CP cutree,1439502129.27726,0.300930023193359
CP calculation original,1439502130.82435,1.54709005355835
CP calculation,1439502131.1148,0.290449857711792
PreP3D 2_cp,1439502131.40068,0.285880088806152
PreP3D 2_bk,1439502131.75508,0.354399919509888
PreP3D 2_zc,1439502132.40636,0.651279926300049
Prio PreP3D,1439502132.70469,0.298330068588257
P3D Start,1439502132.98635,0.281660079956055
eig.L,1439502135.04946,2.06310987472534
eig.R,1439502137.11982,2.07036018371582
REML,1439502139.19604,2.0762197971344
eig.R removed,1439502139.76124,0.565200090408325
Trait,1439502140.32766,0.566420078277588
REML,1439502142.40055,2.07288980484009
eig.R removed,1439502142.97259,0.57204008102417
REMLE removed,1439502143.52565,0.553060054779053
U Matrix,1439502143.81547,0.289819955825806
eig.L removed,1439502144.37726,0.561789989471436
New Genotype file,1439502144.6593,0.282040119171143
Before cleaning,1439502144.94847,0.289170026779175
After cleaning,1439502145.50953,0.561059951782227
Memory allocation,1439502145.79678,0.28725004196167
ReducedModel,1439502146.08184,0.285059928894043
before Dt clean,1439502146.55148,0.469640016555786
Dt clean,1439502147.11753,0.566050052642822
BLUP,1439502147.39671,0.279179811477661
PEV,1439502148.38765,0.990940093994141
K normal,1439502148.67912,0.291470050811768
K set to 1,1439502149.24519,0.566069841384888
Screening SNPs,1439502149.52609,0.280900001525879
GWAS done for this Trait,1439502150.21249,0.686400175094604
Post PreP3D,1439502150.50197,0.289479970932007
CP start,1439502150.78389,0.281919956207275
Does this change memory0,1439502151.07193,0.288039922714233
CP distance,1439502151.35817,0.286240100860596
CP cluster,1439502151.88052,0.522350072860718
CP cutree,1439502152.18245,0.301929950714111
CP calculation original,1439502153.68826,1.50581002235413
CP calculation,1439502153.97922,0.29095983505249
PreP3D 2_cp,1439502154.26976,0.290539979934692
PreP3D 2_bk,1439502154.61915,0.349390029907227
PreP3D 2_zc,1439502155.26611,0.646960020065308
Prio PreP3D,1439502155.5605,0.294389963150024
P3D Start,1439502155.84326,0.282760143280029
eig.L,1439502157.81374,1.97047996520996
eig.R,1439502159.80438,1.99063992500305
REML,1439502161.7967,1.99232006072998
eig.R removed,1439502162.37297,0.57627010345459
Trait,1439502162.94094,0.567969799041748
REML,1439502164.93653,1.99559020996094
eig.R removed,1439502165.50581,0.569279909133911
REMLE removed,1439502166.05897,0.553159952163696
U Matrix,1439502166.35575,0.296780109405518
eig.L removed,1439502166.91597,0.560220003128052
New Genotype file,1439502167.19596,0.279989957809448
Before cleaning,1439502167.48122,0.285259962081909
After cleaning,1439502168.04137,0.560149908065796
Memory allocation,1439502168.32257,0.281200170516968
ReducedModel,1439502168.61473,0.292159795761108
before Dt clean,1439502169.08124,0.466510057449341
Dt clean,1439502169.65787,0.576630115509033
BLUP,1439502169.93777,0.279899835586548
PEV,1439502170.89008,0.952310085296631
K normal,1439502171.18046,0.290380001068115
K set to 1,1439502171.75144,0.570980072021484
Screening SNPs,1439502172.033,0.281559944152832
GWAS done for this Trait,1439502172.71307,0.680069923400879
Post PreP3D,1439502173.00259,0.289520025253296
CP start,1439502173.28374,0.281150102615356
Does this change memory0,1439502173.57256,0.288820028305054
CP distance,1439502173.85868,0.286119937896729
CP cluster,1439502174.38139,0.522710084915161
CP cutree,1439502174.68509,0.303699970245361
CP calculation original,1439502176.15683,1.47174000740051
CP calculation,1439502176.45003,0.293200016021729
PreP3D 2_cp,1439502176.74465,0.294619798660278
PreP3D 2_bk,1439502177.09128,0.346630096435547
PreP3D 2_zc,1439502177.73313,0.641849994659424
Prio PreP3D,1439502178.02893,0.295799970626831
P3D Start,1439502178.31241,0.283480167388916
eig.L,1439502180.20293,1.89051985740662
eig.R,1439502182.10908,1.90615010261536
REML,1439502184.02108,1.91199994087219
eig.R removed,1439502184.58382,0.562740087509155
Trait,1439502185.15326,0.569439888000488
REML,1439502187.05999,1.90672993659973
eig.R removed,1439502187.62407,0.564079999923706
REMLE removed,1439502188.17858,0.554510116577148
U Matrix,1439502188.46311,0.2845299243927
eig.L removed,1439502189.03797,0.574860095977783
New Genotype file,1439502189.31829,0.280319929122925
Before cleaning,1439502189.59904,0.280750036239624
After cleaning,1439502190.16901,0.569969892501831
Memory allocation,1439502190.44891,0.279900074005127
ReducedModel,1439502190.73116,0.282249927520752
before Dt clean,1439502191.19649,0.465330123901367
Dt clean,1439502191.7582,0.561709880828857
BLUP,1439502192.04185,0.283650159835815
PEV,1439502192.95212,0.910269975662231
K normal,1439502193.24077,0.288650035858154
K set to 1,1439502193.79929,0.558519840240479
Screening SNPs,1439502194.08756,0.288269996643066
GWAS done for this Trait,1439502194.76793,0.680370092391968
Post PreP3D,1439502195.07105,0.303119897842407
CP start,1439502195.35473,0.283679962158203
Does this change memory0,1439502195.63592,0.281190156936646
CP distance,1439502195.92087,0.284950017929077
CP cluster,1439502196.45454,0.533669948577881
CP cutree,1439502196.7537,0.299160003662109
CP calculation original,1439502198.18171,1.42800998687744
CP calculation,1439502198.4738,0.292089939117432
PreP3D 2_cp,1439502198.76277,0.288969993591309
PreP3D 2_bk,1439502199.10877,0.345999956130981
PreP3D 2_zc,1439502199.74872,0.639950037002563
Prio PreP3D,1439502200.04238,0.293660163879395
P3D Start,1439502200.32834,0.285959959030151
eig.L,1439502202.13533,1.80698990821838
eig.R,1439502203.96656,1.83122992515564
REML,1439502205.80157,1.83501005172729
eig.R removed,1439502206.37214,0.57056999206543
Trait,1439502206.9379,0.565760135650635
REML,1439502208.77507,1.83716988563538
eig.R removed,1439502209.35528,0.580209970474243
REMLE removed,1439502209.91097,0.555690050125122
U Matrix,1439502210.19711,0.286139965057373
eig.L removed,1439502210.77139,0.574280023574829
New Genotype file,1439502211.05079,0.279400110244751
Before cleaning,1439502211.33208,0.28128981590271
After cleaning,1439502211.90204,0.569960117340088
Memory allocation,1439502212.1809,0.278860092163086
ReducedModel,1439502212.47235,0.291449785232544
before Dt clean,1439502212.9288,0.456450223922729
Dt clean,1439502213.50187,0.57306981086731
BLUP,1439502213.78164,0.279770135879517
PEV,1439502214.65248,0.870839834213257
K normal,1439502214.94245,0.28997015953064
K set to 1,1439502215.49999,0.557539939880371
Screening SNPs,1439502215.78554,0.285550117492676
GWAS done for this Trait,1439502216.46902,0.683479785919189
Post PreP3D,1439502216.76559,0.296570062637329
CP start,1439502217.04848,0.28289008140564
Does this change memory0,1439502217.32865,0.28016996383667
CP distance,1439502217.61158,0.28292989730835
CP cluster,1439502218.13706,0.525480031967163
CP cutree,1439502218.43488,0.297820091247559
CP calculation original,1439502219.83251,1.39762997627258
CP calculation,1439502220.12532,0.292809963226318
PreP3D 2_cp,1439502220.41346,0.288140058517456
PreP3D 2_bk,1439502220.76087,0.347409963607788
PreP3D 2_zc,1439502221.39422,0.633350133895874
Prio PreP3D,1439502221.68995,0.295729875564575
P3D Start,1439502221.98049,0.290539979934692
eig.L,1439502223.69606,1.71556997299194
eig.R,1439502225.4408,1.74474000930786
REML,1439502227.19627,1.75547003746033
eig.R removed,1439502227.76814,0.571870088577271
Trait,1439502228.33436,0.566219806671143
REML,1439502230.07784,1.74348020553589
eig.R removed,1439502230.64403,0.566190004348755
REMLE removed,1439502231.20774,0.56370997428894
U Matrix,1439502231.4929,0.285159826278687
eig.L removed,1439502232.0571,0.564200162887573
New Genotype file,1439502232.33689,0.279789924621582
Before cleaning,1439502232.61976,0.282870054244995
After cleaning,1439502233.19678,0.577019929885864
Memory allocation,1439502233.47692,0.280139923095703
ReducedModel,1439502233.76106,0.284140110015869
before Dt clean,1439502234.22084,0.459779977798462
Dt clean,1439502234.7862,0.565360069274902
BLUP,1439502235.07573,0.289530038833618
PEV,1439502235.90944,0.833709955215454
K normal,1439502236.20317,0.293730020523071
K set to 1,1439502236.76394,0.560770034790039
Screening SNPs,1439502237.04536,0.281419992446899
GWAS done for this Trait,1439502237.73187,0.686509847640991
Post PreP3D,1439502238.02016,0.288290023803711
CP start,1439502238.30697,0.286809921264648
Does this change memory0,1439502238.58927,0.282300233840942
CP distance,1439502238.87219,0.282919883728027
CP cluster,1439502239.39864,0.526449918746948
CP cutree,1439502239.69905,0.300410032272339
CP calculation original,1439502241.04997,1.35091996192932
CP calculation,1439502241.3512,0.301230192184448
PreP3D 2_cp,1439502241.64046,0.289259910583496
PreP3D 2_bk,1439502241.98776,0.347300052642822
PreP3D 2_zc,1439502242.62101,0.633249998092651
Prio PreP3D,1439502242.91527,0.294260025024414
P3D Start,1439502243.19724,0.281970024108887
eig.L,1439502244.79385,1.59660983085632
eig.R,1439502246.41805,1.62420010566711
REML,1439502248.04502,1.62697005271912
eig.R removed,1439502248.622,0.576979875564575
Trait,1439502249.18844,0.566440105438232
REML,1439502250.81841,1.62996983528137
eig.R removed,1439502251.38745,0.569040060043335
REMLE removed,1439502251.941,0.553550004959106
U Matrix,1439502252.22712,0.286119937896729
eig.L removed,1439502252.82978,0.602660179138184
New Genotype file,1439502253.10873,0.278949975967407
Before cleaning,1439502253.38828,0.279549837112427
After cleaning,1439502253.95297,0.564690113067627
Memory allocation,1439502254.23281,0.279839992523193
ReducedModel,1439502254.51905,0.286239862442017
before Dt clean,1439502254.97816,0.459110021591187
Dt clean,1439502255.54095,0.562790155410767
BLUP,1439502255.82713,0.286180019378662
PEV,1439502256.62887,0.801739931106567
K normal,1439502256.93217,0.303299903869629
K set to 1,1439502257.49413,0.561959981918335
Screening SNPs,1439502257.77406,0.279930114746094
GWAS done for this Trait,1439502258.51675,0.742690086364746
Post PreP3D,1439502258.7591,0.242349863052368
CP start,1439502258.95272,0.193619966506958
Does this change memory0,1439502259.14553,0.19281005859375
CP distance,1439502259.34057,0.195039987564087
CP cluster,1439502259.74414,0.403569936752319
CP cutree,1439502259.95197,0.207830190658569
CP calculation original,1439502261.1634,1.21142983436584
CP calculation,1439502261.36474,0.201339960098267
PreP3D 2_cp,1439502261.56174,0.197000026702881
PreP3D 2_bk,1439502261.80713,0.245390176773071
PreP3D 2_zc,1439502262.32003,0.512899875640869
Prio PreP3D,1439502262.52373,0.203700065612793
P3D Start,1439502262.71689,0.193160057067871
eig.L,1439502264.18158,1.46468997001648
eig.R,1439502265.66381,1.48222994804382
REML,1439502267.15209,1.4882800579071
eig.R removed,1439502267.54039,0.388299942016602
Trait,1439502267.92818,0.387789964675903
REML,1439502269.41103,1.48285007476807
eig.R removed,1439502269.80057,0.389539957046509
REMLE removed,1439502270.18052,0.379950046539307
U Matrix,1439502270.37702,0.196499824523926
eig.L removed,1439502270.76082,0.383800029754639
New Genotype file,1439502270.95297,0.192150115966797
Before cleaning,1439502271.14535,0.192379951477051
After cleaning,1439502271.52912,0.383769989013672
Memory allocation,1439502271.72079,0.191669940948486
ReducedModel,1439502271.91713,0.196340084075928
before Dt clean,1439502272.27139,0.354259967803955
Dt clean,1439502272.65578,0.384390115737915
BLUP,1439502272.84814,0.192359924316406
PEV,1439502273.52259,0.674449920654297
K normal,1439502273.72376,0.201169967651367
K set to 1,1439502274.10529,0.381530046463013
Screening SNPs,1439502274.29836,0.19307017326355
GWAS done for this Trait,1439502274.88328,0.584919929504395
Post PreP3D,1439502275.1614,0.278120040893555
CP start,1439502275.44373,0.28233003616333
Does this change memory0,1439502275.72412,0.280389785766602
CP distance,1439502276.01624,0.292119979858398
CP cluster,1439502276.53883,0.522590160369873
CP cutree,1439502276.83784,0.299010038375854
CP calculation original,1439502278.12167,1.28382992744446
CP calculation,1439502278.42026,0.298589944839478
PreP3D 2_cp,1439502278.70605,0.285789966583252
PreP3D 2_bk,1439502279.04897,0.342920064926147
PreP3D 2_zc,1439502279.66653,0.617559909820557
Prio PreP3D,1439502279.96244,0.295910120010376
P3D Start,1439502280.24314,0.280699968338013
eig.L,1439502281.68538,1.44223999977112
eig.R,1439502283.15657,1.47118997573853
REML,1439502284.63554,1.47897005081177
eig.R removed,1439502285.20316,0.567620038986206
Trait,1439502285.76821,0.565049886703491
REML,1439502287.25165,1.48344016075134
eig.R removed,1439502287.8166,0.564949989318848
REMLE removed,1439502288.36897,0.552369832992554
U Matrix,1439502288.66515,0.296180009841919
eig.L removed,1439502289.22562,0.560470104217529
New Genotype file,1439502289.50511,0.279489994049072
Before cleaning,1439502289.78707,0.281960010528564
After cleaning,1439502290.35015,0.563080072402954
Memory allocation,1439502290.62823,0.278079986572266
ReducedModel,1439502290.91153,0.283299922943115
before Dt clean,1439502291.35854,0.447010040283203
Dt clean,1439502291.92512,0.566580057144165
BLUP,1439502292.20547,0.280349969863892
PEV,1439502292.94928,0.743809938430786
K normal,1439502293.2404,0.291120052337646
K set to 1,1439502293.80737,0.566969871520996
Screening SNPs,1439502294.0865,0.279129981994629
GWAS done for this Trait,1439502294.76859,0.682090044021606
Post PreP3D,1439502295.06671,0.298120021820068
CP start,1439502295.35284,0.286129951477051
Does this change memory0,1439502295.63601,0.283169984817505
CP distance,1439502295.92169,0.285680055618286
CP cluster,1439502296.44483,0.523139953613281
CP cutree,1439502296.74067,0.29584002494812
CP calculation original,1439502297.9848,1.24413013458252
CP calculation,1439502298.27635,0.291549921035767
PreP3D 2_cp,1439502298.56314,0.286789894104004
PreP3D 2_bk,1439502298.90611,0.342970132827759
PreP3D 2_zc,1439502299.5176,0.61149001121521
Prio PreP3D,1439502299.8101,0.292500019073486
P3D Start,1439502300.08989,0.279789924621582
eig.L,1439502301.4895,1.39961004257202
eig.R,1439502302.9133,1.42379999160767
REML,1439502304.33849,1.42518997192383
eig.R removed,1439502304.89733,0.558840036392212
Trait,1439502305.46408,0.566750049591064
REML,1439502306.88606,1.4219799041748
eig.R removed,1439502307.44407,0.558010101318359
REMLE removed,1439502307.99826,0.554189920425415
U Matrix,1439502308.28003,0.281769990921021
eig.L removed,1439502308.82775,0.547719955444336
New Genotype file,1439502309.10228,0.274529933929443
Before cleaning,1439502309.38622,0.283940076828003
After cleaning,1439502309.94526,0.559040069580078
Memory allocation,1439502310.22184,0.276579856872559
ReducedModel,1439502310.51088,0.289040088653564
before Dt clean,1439502310.95097,0.44008994102478
Dt clean,1439502311.51395,0.562980175018311
BLUP,1439502311.79594,0.281989812850952
PEV,1439502312.5006,0.704660177230835
K normal,1439502312.79009,0.289489984512329
K set to 1,1439502313.35262,0.562529802322388
Screening SNPs,1439502313.63255,0.279930114746094
GWAS done for this Trait,1439502314.31236,0.679810047149658
Post PreP3D,1439502314.60341,0.291049957275391
CP start,1439502314.88547,0.282059907913208
Does this change memory0,1439502315.16469,0.279220104217529
CP distance,1439502315.44809,0.283400058746338
CP cluster,1439502315.97415,0.526059865951538
CP cutree,1439502316.26979,0.295639991760254
CP calculation original,1439502317.47642,1.20662999153137
CP calculation,1439502317.76603,0.289610147476196
PreP3D 2_cp,1439502318.04984,0.283809900283813
PreP3D 2_bk,1439502318.39492,0.345080137252808
PreP3D 2_zc,1439502318.99881,0.603889942169189
Prio PreP3D,1439502319.2907,0.291889905929565
P3D Start,1439502319.57639,0.285690069198608
eig.L,1439502320.89364,1.31725001335144
eig.R,1439502321.87697,0.983330011367798
REML,1439502322.78641,0.909440040588379
eig.R removed,1439502323.22227,0.43585991859436
Trait,1439502323.67811,0.455839872360229
REML,1439502324.62457,0.946460008621216
eig.R removed,1439502325.07889,0.454320192337036
REMLE removed,1439502325.51026,0.43137001991272
U Matrix,1439502325.73416,0.223899841308594
eig.L removed,1439502326.17778,0.443619966506958
New Genotype file,1439502326.39843,0.220650196075439
Before cleaning,1439502326.61734,0.218909978866577
After cleaning,1439502327.06107,0.443729877471924
Memory allocation,1439502327.28512,0.224050045013428
ReducedModel,1439502327.51912,0.233999967575073
before Dt clean,1439502327.84125,0.322129964828491
Dt clean,1439502328.29963,0.458379983901978
BLUP,1439502328.51994,0.220309972763062
PEV,1439502328.99622,0.476280212402344
K normal,1439502329.2289,0.232679843902588
K set to 1,1439502329.6655,0.436599969863892
Screening SNPs,1439502329.88716,0.221660137176514
GWAS done for this Trait,1439502330.44889,0.561729907989502
Post PreP3D,1439502330.68847,0.239579916000366
CP start,1439502330.92091,0.232439994812012
Does this change memory0,1439502331.15477,0.233860015869141
CP distance,1439502331.40695,0.252180099487305
CP cluster,1439502331.82951,0.422559976577759
CP cutree,1439502332.06667,0.237159967422485
CP calculation original,1439502332.85789,0.79121994972229
CP calculation,1439502333.08812,0.230230093002319
PreP3D 2_cp,1439502333.30943,0.221309900283813
PreP3D 2_bk,1439502333.57282,0.263390064239502
PreP3D 2_zc,1439502334.02816,0.455340147018433
Prio PreP3D,1439502334.26892,0.24075984954834
P3D Start,1439502334.49708,0.22816014289856
eig.L,1439502335.35045,0.853369951248169
eig.R,1439502336.22297,0.872519969940186
REML,1439502337.10585,0.882879972457886
eig.R removed,1439502337.54924,0.443390130996704
Trait,1439502338.00203,0.452789783477783
REML,1439502338.88308,0.881050109863281
eig.R removed,1439502339.34217,0.459089994430542
REMLE removed,1439502339.82566,0.483489990234375
U Matrix,1439502340.06437,0.238709926605225
eig.L removed,1439502340.51447,0.450100183486938
New Genotype file,1439502340.73635,0.221879959106445
Before cleaning,1439502340.95716,0.220809936523438
After cleaning,1439502341.3961,0.438940048217773
Memory allocation,1439502341.61485,0.21875
ReducedModel,1439502341.83681,0.221960067749023
before Dt clean,1439502342.15033,0.313519954681396
Dt clean,1439502342.58909,0.438760042190552
BLUP,1439502342.80539,0.216299772262573
PEV,1439502343.25702,0.451630115509033
K normal,1439502343.49879,0.241770029067993
K set to 1,1439502343.98883,0.490040063858032
Screening SNPs,1439502344.22315,0.234319925308228
GWAS done for this Trait,1439502344.79022,0.567070007324219
Post PreP3D,1439502345.01789,0.227669954299927
CP start,1439502345.24026,0.222369909286499
Does this change memory0,1439502345.4599,0.219640016555786
CP distance,1439502345.68297,0.22307014465332
CP cluster,1439502346.09561,0.412639856338501
CP cutree,1439502346.32915,0.233540058135986
CP calculation original,1439502347.09092,0.761770009994507
CP calculation,1439502347.3178,0.226880073547363
PreP3D 2_cp,1439502347.55804,0.240239858627319
PreP3D 2_bk,1439502347.84892,0.29088020324707
PreP3D 2_zc,1439502348.29297,0.444049835205078
Prio PreP3D,1439502348.54174,0.248769998550415
P3D Start,1439502348.77909,0.237349987030029
eig.L,1439502349.59997,0.820880174636841
eig.R,1439502350.43108,0.831110000610352
REML,1439502351.26807,0.836989879608154
eig.R removed,1439502351.76116,0.493089914321899
Trait,1439502352.25691,0.495750188827515
REML,1439502353.09981,0.842899799346924
eig.R removed,1439502353.54897,0.449160099029541
REMLE removed,1439502353.98512,0.436150074005127
U Matrix,1439502354.21159,0.226469993591309
eig.L removed,1439502354.65002,0.438429832458496
New Genotype file,1439502354.86943,0.219410181045532
Before cleaning,1439502355.08938,0.219949960708618
After cleaning,1439502355.52759,0.438210010528564
Memory allocation,1439502355.74747,0.219879865646362
ReducedModel,1439502355.96776,0.220290184020996
before Dt clean,1439502356.27609,0.308329820632935
Dt clean,1439502356.71297,0.436880111694336
BLUP,1439502356.93036,0.217390060424805
PEV,1439502357.39654,0.466179847717285
K normal,1439502357.64656,0.250020027160645
K set to 1,1439502358.11597,0.469409942626953
Screening SNPs,1439502358.34777,0.231800079345703
GWAS done for this Trait,1439502358.91825,0.570480108261108
Post PreP3D,1439502359.14938,0.231129884719849
CP start,1439502359.37367,0.224290132522583
Does this change memory0,1439502359.59588,0.222209930419922
CP distance,1439502359.8206,0.224720001220703
CP cluster,1439502360.23173,0.411129951477051
CP cutree,1439502360.46597,0.234240055084229
CP calculation original,1439502361.21122,0.74524998664856
CP calculation,1439502361.44112,0.229899883270264
PreP3D 2_cp,1439502361.66401,0.222890138626099
PreP3D 2_bk,1439502361.92549,0.26147985458374
PreP3D 2_zc,1439502362.3517,0.426210165023804
Prio PreP3D,1439502362.58017,0.228469848632812
P3D Start,1439502362.79679,0.216619968414307
eig.L,1439502363.5727,0.775910139083862
eig.R,1439502364.35444,0.781739950180054
REML,1439502365.13802,0.78358006477356
eig.R removed,1439502365.58061,0.442589998245239
Trait,1439502366.07541,0.494799852371216
REML,1439502366.86873,0.793320178985596
eig.R removed,1439502367.34823,0.479499816894531
REMLE removed,1439502367.82792,0.479690074920654
U Matrix,1439502368.07797,0.250050067901611
eig.L removed,1439502368.57463,0.496659994125366
New Genotype file,1439502368.81612,0.241489887237549
Before cleaning,1439502369.05038,0.234260082244873
After cleaning,1439502369.50843,0.458050012588501
Memory allocation,1439502369.73218,0.223750114440918
ReducedModel,1439502369.96123,0.229049921035767
before Dt clean,1439502370.27514,0.313910007476807
Dt clean,1439502370.72044,0.445299863815308
BLUP,1439502370.93946,0.219020128250122
PEV,1439502371.3595,0.420039892196655
K normal,1439502371.58584,0.226340055465698
K set to 1,1439502372.02343,0.4375901222229
Screening SNPs,1439502372.24452,0.221089839935303
GWAS done for this Trait,1439502372.79927,0.554749965667725
Post PreP3D,1439502373.02609,0.22681999206543
CP start,1439502373.24739,0.22130012512207
Does this change memory0,1439502373.46793,0.220540046691895
CP distance,1439502373.69094,0.223009824752808
CP cluster,1439502374.09995,0.409010171890259
CP cutree,1439502374.33273,0.232779979705811
CP calculation original,1439502375.05644,0.723710060119629
CP calculation,1439502375.2982,0.241759777069092
PreP3D 2_cp,1439502375.55096,0.252760171890259
PreP3D 2_bk,1439502375.83267,0.281709909439087
PreP3D 2_zc,1439502376.28317,0.450500011444092
Prio PreP3D,1439502376.52634,0.243170022964478
P3D Start,1439502376.76107,0.234730005264282
eig.L,1439502377.49876,0.737689971923828
eig.R,1439502378.24597,0.747210025787354
REML,1439502378.99545,0.749480009078979
eig.R removed,1439502379.43848,0.443029880523682
Trait,1439502379.88445,0.445970058441162
REML,1439502380.63163,0.747179985046387
eig.R removed,1439502381.07638,0.444750070571899
REMLE removed,1439502381.50756,0.431180000305176
U Matrix,1439502381.73105,0.223489999771118
eig.L removed,1439502382.16392,0.432869911193848
New Genotype file,1439502382.38088,0.216960191726685
Before cleaning,1439502382.59788,0.216999769210815
After cleaning,1439502383.04769,0.449810028076172
Memory allocation,1439502383.29137,0.243680000305176
ReducedModel,1439502383.53409,0.242720127105713
before Dt clean,1439502383.86222,0.328130006790161
Dt clean,1439502384.28053,0.418309926986694
BLUP,1439502384.47195,0.191420078277588
PEV,1439502384.94864,0.476690053939819
K normal,1439502385.14951,0.200869798660278
K set to 1,1439502385.52846,0.378950119018555
Screening SNPs,1439502385.72068,0.192219972610474
GWAS done for this Trait,1439502386.30051,0.579829931259155
Post PreP3D,1439502386.49429,0.193780183792114
CP start,1439502386.68631,0.192019939422607
Does this change memory0,1439502386.87827,0.191959857940674
CP distance,1439502387.07149,0.193220138549805
CP cluster,1439502387.47369,0.402199983596802
CP cutree,1439502387.68025,0.206559896469116
CP calculation original,1439502388.62297,0.942720174789429
CP calculation,1439502388.82519,0.20221996307373
PreP3D 2_cp,1439502389.02216,0.196969985961914
PreP3D 2_bk,1439502389.26346,0.241299867630005
PreP3D 2_zc,1439502389.7362,0.472740173339844
Prio PreP3D,1439502389.93954,0.203339815139771
P3D Start,1439502390.13197,0.192430019378662
eig.L,1439502391.06279,0.930819988250732
eig.R,1439502392.00281,0.940020084381104
REML,1439502392.94973,0.946919918060303
eig.R removed,1439502393.33572,0.385990142822266
Trait,1439502393.72299,0.387269973754883
REML,1439502394.66374,0.940749883651733
eig.R removed,1439502395.05123,0.387490034103394
REMLE removed,1439502395.42914,0.377910137176514
U Matrix,1439502395.62744,0.198299884796143
eig.L removed,1439502396.01073,0.38329005241394
New Genotype file,1439502396.20236,0.191629886627197
Before cleaning,1439502396.39416,0.191800117492676
After cleaning,1439502396.77592,0.381759881973267
Memory allocation,1439502396.96749,0.191570043563843
ReducedModel,1439502397.16272,0.195230007171631
before Dt clean,1439502397.4818,0.319080114364624
Dt clean,1439502397.86556,0.38375997543335
BLUP,1439502398.05615,0.190589904785156
PEV,1439502398.51114,0.454990148544312
K normal,1439502398.71275,0.20160984992981
K set to 1,1439502399.09154,0.378790140151978
Screening SNPs,1439502399.28397,0.192430019378662
GWAS done for this Trait,1439502399.86488,0.580909967422485
Post PreP3D,1439502400.05877,0.193889856338501
CP start,1439502400.25268,0.193910121917725
Does this change memory0,1439502400.44542,0.192739963531494
CP distance,1439502400.63918,0.193759918212891
CP cluster,1439502401.04189,0.4027099609375
CP cutree,1439502401.24931,0.207420110702515
CP calculation original,1439502402.16143,0.91211986541748
CP calculation,1439502402.36306,0.201630115509033
PreP3D 2_cp,1439502402.56059,0.197530031204224
PreP3D 2_bk,1439502402.80082,0.240230083465576
PreP3D 2_zc,1439502403.26854,0.467719793319702
Prio PreP3D,1439502403.47125,0.202710151672363
P3D Start,1439502403.66308,0.191829919815063
eig.L,1439502404.52572,0.862639904022217
eig.R,1439502405.40319,0.877470016479492
REML,1439502406.28462,0.881430149078369
eig.R removed,1439502406.67402,0.389400005340576
Trait,1439502407.06166,0.387639999389648
REML,1439502407.93831,0.876649856567383
eig.R removed,1439502408.32457,0.386260032653809
REMLE removed,1439502408.70184,0.377269983291626
U Matrix,1439502408.8989,0.197060108184814
eig.L removed,1439502409.28081,0.381910085678101
New Genotype file,1439502409.47216,0.191349983215332
Before cleaning,1439502409.66482,0.192659854888916
After cleaning,1439502410.04705,0.382230043411255
Memory allocation,1439502410.23905,0.191999912261963
ReducedModel,1439502410.43631,0.197260141372681
before Dt clean,1439502410.75191,0.315599918365479
Dt clean,1439502411.13484,0.382930040359497
BLUP,1439502411.32548,0.190639972686768
PEV,1439502411.75473,0.429250001907349
K normal,1439502411.95559,0.200860023498535
K set to 1,1439502412.33612,0.380529880523682
Screening SNPs,1439502412.52843,0.192310094833374
GWAS done for this Trait,1439502413.10931,0.580879926681519
Post PreP3D,1439502413.30358,0.194270133972168
CP start,1439502413.49747,0.193889856338501
Does this change memory0,1439502413.68894,0.191470146179199
CP distance,1439502413.88333,0.194390058517456
CP cluster,1439502414.28574,0.402409791946411
CP cutree,1439502414.4923,0.206560134887695
CP calculation original,1439502415.37372,0.881419897079468
CP calculation,1439502415.57439,0.200670003890991
PreP3D 2_cp,1439502415.77197,0.197580099105835
PreP3D 2_bk,1439502416.0118,0.239830017089844
PreP3D 2_zc,1439502416.47394,0.462139844894409
Prio PreP3D,1439502416.67628,0.202340126037598
P3D Start,1439502416.86816,0.191879987716675
eig.L,1439502417.68371,0.815550088882446
eig.R,1439502418.51814,0.834429979324341
REML,1439502419.35839,0.840250015258789
eig.R removed,1439502419.74587,0.387480020523071
Trait,1439502420.13209,0.38621997833252
REML,1439502420.96897,0.836879968643188
eig.R removed,1439502421.35717,0.388200044631958
REMLE removed,1439502421.73552,0.378349781036377
U Matrix,1439502421.93187,0.19635009765625
eig.L removed,1439502422.31317,0.38129997253418
New Genotype file,1439502422.50482,0.191650152206421
Before cleaning,1439502422.69782,0.192999839782715
After cleaning,1439502423.08144,0.383620023727417
Memory allocation,1439502423.27362,0.192179918289185
ReducedModel,1439502423.46997,0.19635009765625
before Dt clean,1439502423.78265,0.312680006027222
Dt clean,1439502424.16509,0.382440090179443
BLUP,1439502424.35632,0.191229820251465
PEV,1439502424.76603,0.409710168838501
K normal,1439502424.96714,0.201109886169434
K set to 1,1439502425.34782,0.380680084228516
Screening SNPs,1439502425.5418,0.193979978561401
GWAS done for this Trait,1439502426.12597,0.584169864654541
Post PreP3D,1439502426.39973,0.273760080337524
CP start,1439502426.66597,0.266240119934082
Does this change memory0,1439502426.95006,0.284089803695679
CP distance,1439502427.22517,0.275110006332397
CP cluster,1439502427.74636,0.521190166473389
CP cutree,1439502428.03676,0.29040002822876
CP calculation original,1439502428.69071,0.653949975967407
CP calculation,1439502428.92472,0.234009981155396
PreP3D 2_cp,1439502429.15302,0.228299856185913
PreP3D 2_bk,1439502429.4155,0.262480020523071
PreP3D 2_zc,1439502429.83261,0.417109966278076
Prio PreP3D,1439502430.06451,0.231900215148926
P3D Start,1439502430.29745,0.232939958572388
eig.L,1439502430.91026,0.612809896469116
eig.R,1439502431.56141,0.651149988174438
REML,1439502432.21586,0.654449939727783
eig.R removed,1439502432.65657,0.440710067749023
Trait,1439502433.09863,0.442059993743896
REML,1439502433.71114,0.612509965896606
eig.R removed,1439502434.15226,0.441120147705078
REMLE removed,1439502434.5847,0.432440042495728
U Matrix,1439502434.81043,0.225729942321777
eig.L removed,1439502435.2467,0.436269998550415
New Genotype file,1439502435.46496,0.218260049819946
Before cleaning,1439502435.68394,0.218979835510254
After cleaning,1439502436.11967,0.43572998046875
Memory allocation,1439502436.33804,0.218370199203491
ReducedModel,1439502436.56036,0.222319841384888
before Dt clean,1439502436.85334,0.292979955673218
Dt clean,1439502437.29052,0.437180042266846
BLUP,1439502437.50838,0.217859983444214
PEV,1439502437.85738,0.348999977111816
K normal,1439502438.08437,0.226989984512329
K set to 1,1439502438.51829,0.43392014503479
Screening SNPs,1439502438.73706,0.218770027160645
GWAS done for this Trait,1439502439.29209,0.55502986907959
Post PreP3D,1439502439.56662,0.274530172348022
CP start,1439502439.83274,0.266119956970215
Does this change memory0,1439502440.09767,0.264930009841919
CP distance,1439502440.36495,0.267279863357544
CP cluster,1439502440.88109,0.516139984130859
CP cutree,1439502441.16511,0.284020185470581
CP calculation original,1439502442.05738,0.892269849777222
CP calculation,1439502442.33504,0.277660131454468
PreP3D 2_cp,1439502442.6015,0.266459941864014
PreP3D 2_bk,1439502442.92074,0.319239854812622
PreP3D 2_zc,1439502443.46459,0.543850183486938
Prio PreP3D,1439502443.74436,0.279769897460938
P3D Start,1439502444.00622,0.261860132217407
eig.L,1439502444.80959,0.803369998931885
eig.R,1439502445.6493,0.839709997177124
REML,1439502446.51967,0.870369911193848
eig.R removed,1439502447.11661,0.596940040588379
Trait,1439502447.71637,0.599760055541992
REML,1439502448.58861,0.872239828109741
eig.R removed,1439502449.18919,0.600579977035522
REMLE removed,1439502449.7762,0.587010145187378
U Matrix,1439502450.07523,0.29902982711792
eig.L removed,1439502450.66565,0.590420007705688
New Genotype file,1439502450.95986,0.294210195541382
Before cleaning,1439502451.26444,0.304579973220825
After cleaning,1439502451.86186,0.59741997718811
Memory allocation,1439502452.15806,0.296200037002563
ReducedModel,1439502452.46069,0.302629947662354
before Dt clean,1439502452.8735,0.412810087203979
Dt clean,1439502453.46688,0.593379974365234
BLUP,1439502453.76245,0.295569896697998
PEV,1439502454.2482,0.485749959945679
K normal,1439502454.5713,0.323100090026855
K set to 1,1439502455.19865,0.627349853515625
Screening SNPs,1439502455.49779,0.299140214920044
GWAS done for this Trait,1439502456.20306,0.705269813537598
Post PreP3D,1439502456.51076,0.307700157165527
CP start,1439502456.8078,0.297039985656738
Does this change memory0,1439502457.11348,0.3056800365448
CP distance,1439502457.41425,0.300769805908203
CP cluster,1439502457.9493,0.5350501537323
CP cutree,1439502458.25746,0.308160066604614
CP calculation original,1439502459.17293,0.915469884872437
CP calculation,1439502459.47392,0.300990104675293
PreP3D 2_cp,1439502459.77373,0.29980993270874
PreP3D 2_bk,1439502460.12539,0.351660013198853
PreP3D 2_zc,1439502460.68804,0.562649965286255
Prio PreP3D,1439502460.98925,0.301209926605225
P3D Start,1439502461.28717,0.297919988632202
eig.L,1439502462.08713,0.799960136413574
eig.R,1439502462.90551,0.818379878997803
REML,1439502463.72551,0.819999933242798
eig.R removed,1439502464.31196,0.586450099945068
Trait,1439502464.90483,0.592869997024536
REML,1439502465.72761,0.822780132293701
eig.R removed,1439502466.33245,0.60483980178833
REMLE removed,1439502466.92554,0.593090057373047
U Matrix,1439502467.2284,0.302860021591187
eig.L removed,1439502467.82307,0.594670057296753
New Genotype file,1439502468.12339,0.300319910049438
Before cleaning,1439502468.42174,0.298350095748901
After cleaning,1439502469.01822,0.596479892730713
Memory allocation,1439502469.31407,0.295850038528442
ReducedModel,1439502469.61978,0.305710077285767
before Dt clean,1439502470.02681,0.407029867172241
Dt clean,1439502470.62315,0.596340179443359
BLUP,1439502470.92226,0.299109935760498
PEV,1439502471.38814,0.465879917144775
K normal,1439502471.69297,0.304830074310303
K set to 1,1439502472.28691,0.593940019607544
Screening SNPs,1439502472.5867,0.299789905548096
GWAS done for this Trait,1439502473.29331,0.706609964370728
Post PreP3D,1439502473.60486,0.311550140380859
CP start,1439502473.90405,0.299190044403076
Does this change memory0,1439502474.20397,0.299919843673706
CP distance,1439502474.51012,0.306149959564209
CP cluster,1439502475.04929,0.539170026779175
CP cutree,1439502475.35931,0.310019969940186
CP calculation original,1439502476.24981,0.890500068664551
CP calculation,1439502476.55396,0.304150104522705
PreP3D 2_cp,1439502476.85873,0.304769992828369
PreP3D 2_bk,1439502477.21687,0.358139991760254
PreP3D 2_zc,1439502477.7811,0.564229965209961
Prio PreP3D,1439502478.08977,0.308670043945312
P3D Start,1439502478.39229,0.302520036697388
eig.L,1439502479.16229,0.769999980926514
eig.R,1439502479.9525,0.790210008621216
REML,1439502480.7452,0.792699813842773
eig.R removed,1439502481.34757,0.602370023727417
Trait,1439502481.95342,0.605849981307983
REML,1439502482.74855,0.795130014419556
eig.R removed,1439502483.34776,0.599210023880005
REMLE removed,1439502483.93996,0.592200040817261
U Matrix,1439502484.24556,0.305599927902222
eig.L removed,1439502484.84563,0.600069999694824
New Genotype file,1439502485.14897,0.303339958190918
Before cleaning,1439502485.44676,0.297790050506592
After cleaning,1439502486.04822,0.601459980010986
Memory allocation,1439502486.34665,0.2984299659729
ReducedModel,1439502486.65216,0.3055100440979
before Dt clean,1439502487.05857,0.406409978866577
Dt clean,1439502487.6542,0.595630168914795
BLUP,1439502487.95516,0.300959825515747
PEV,1439502488.40919,0.45403003692627
K normal,1439502488.71516,0.305969953536987
K set to 1,1439502489.31502,0.599860191345215
Screening SNPs,1439502489.61266,0.297639846801758
GWAS done for this Trait,1439502491.68768,2.07502007484436
Post PreP3D,1439502491.91495,0.227269887924194
CP start,1439502492.13425,0.219300031661987
Does this change memory0,1439502492.35272,0.218470096588135
CP distance,1439502492.58217,0.229449987411499
CP cluster,1439502493.01986,0.437690019607544
CP cutree,1439502493.25046,0.230599880218506
CP calculation original,1439502494.01797,0.767510175704956
CP calculation,1439502494.24559,0.227619886398315
PreP3D 2_cp,1439502494.46646,0.220870018005371
PreP3D 2_bk,1439502494.71543,0.248970031738281
PreP3D 2_zc,1439502495.16168,0.446249961853027
Prio PreP3D,1439502495.37307,0.211390018463135
P3D Start,1439502495.57102,0.197949886322021
eig.L,1439502496.22045,0.6494300365448
eig.R,1439502496.87304,0.652590036392212
REML,1439502497.53249,0.659450054168701
eig.R removed,1439502497.95311,0.420619964599609
Trait,1439502498.38393,0.430819988250732
REML,1439502499.04472,0.660789966583252
eig.R removed,1439502499.46782,0.423099994659424
REMLE removed,1439502499.886,0.418179988861084
U Matrix,1439502500.11691,0.230910062789917
eig.L removed,1439502500.55693,0.440020084381104
New Genotype file,1439502500.76891,0.211979866027832
Before cleaning,1439502500.98756,0.218650102615356
After cleaning,1439502501.43139,0.443830013275146
Memory allocation,1439502501.6489,0.217509984970093
ReducedModel,1439502501.87146,0.222559928894043
before Dt clean,1439502502.19536,0.323899984359741
Dt clean,1439502502.64585,0.45048999786377
BLUP,1439502502.87134,0.225490093231201
PEV,1439502503.23655,0.365210056304932
K normal,1439502503.46072,0.224169969558716
K set to 1,1439502503.90512,0.444399833679199
Screening SNPs,1439502504.12949,0.224370002746582
GWAS done for this Trait,1439502504.74297,0.613480091094971
Post PreP3D,1439502504.96734,0.224370002746582
CP start,1439502505.19563,0.22829008102417
Does this change memory0,1439502505.42152,0.225889921188354
CP distance,1439502505.64727,0.225749969482422
CP cluster,1439502506.0828,0.435529947280884
CP cutree,1439502506.32069,0.237890005111694
CP calculation original,1439502507.06656,0.745870113372803
CP calculation,1439502507.29339,0.226830005645752
PreP3D 2_cp,1439502507.51889,0.225499868392944
PreP3D 2_bk,1439502507.79174,0.272850036621094
PreP3D 2_zc,1439502508.25934,0.467600107192993
Prio PreP3D,1439502508.48871,0.229369878768921
P3D Start,1439502508.71355,0.22484016418457
eig.L,1439502509.33858,0.625029802322388
eig.R,1439502509.9708,0.632220029830933
REML,1439502510.59718,0.62637996673584
eig.R removed,1439502511.03172,0.434540033340454
Trait,1439502511.47285,0.4411301612854
REML,1439502512.10077,0.627919912338257
eig.R removed,1439502512.53504,0.434269905090332
REMLE removed,1439502512.95341,0.418370008468628
U Matrix,1439502513.16841,0.215000152587891
eig.L removed,1439502513.62194,0.453529834747314
New Genotype file,1439502513.83821,0.216270208358765
Before cleaning,1439502514.05295,0.214739799499512
After cleaning,1439502514.47847,0.425520181655884
Memory allocation,1439502514.69329,0.21481990814209
ReducedModel,1439502514.92647,0.233180046081543
before Dt clean,1439502515.24797,0.321500062942505
Dt clean,1439502515.76758,0.519609928131104
BLUP,1439502516.05077,0.283190011978149
PEV,1439502516.45824,0.407469987869263
K normal,1439502516.76138,0.303139925003052
K set to 1,1439502517.32572,0.564340114593506
Screening SNPs,1439502517.6193,0.293579816818237
GWAS done for this Trait,1439502518.30491,0.685610055923462
Post PreP3D,1439502518.62281,0.317899942398071
CP start,1439502518.93537,0.312560081481934
Does this change memory0,1439502519.24427,0.308900117874146
CP distance,1439502519.56226,0.317989826202393
CP cluster,1439502520.11067,0.548410177230835
CP cutree,1439502520.43393,0.323259830474854
CP calculation original,1439502521.24806,0.814130067825317
CP calculation,1439502521.56534,0.317280054092407
PreP3D 2_cp,1439502521.86518,0.299839973449707
PreP3D 2_bk,1439502522.10315,0.237969875335693
PreP3D 2_zc,1439502522.53497,0.431820154190063
Prio PreP3D,1439502522.74024,0.205270051956177
P3D Start,1439502522.9358,0.195559978485107
eig.L,1439502523.50439,0.568589925765991
eig.R,1439502524.08949,0.585099935531616
REML,1439502524.67807,0.588580131530762
eig.R removed,1439502525.07184,0.393769979476929
Trait,1439502525.4656,0.393759965896606
REML,1439502526.05132,0.585720062255859
eig.R removed,1439502526.44449,0.39316987991333
REMLE removed,1439502526.82948,0.384989976882935
U Matrix,1439502527.0296,0.200119972229004
eig.L removed,1439502527.41965,0.390050172805786
New Genotype file,1439502527.61468,0.195029973983765
Before cleaning,1439502527.8105,0.195819854736328
After cleaning,1439502528.20043,0.389930009841919
Memory allocation,1439502528.39505,0.194620132446289
ReducedModel,1439502528.5941,0.199049949645996
before Dt clean,1439502528.8805,0.286400079727173
Dt clean,1439502529.27089,0.390389919281006
BLUP,1439502529.46587,0.194979906082153
PEV,1439502529.77343,0.307560205459595
K normal,1439502529.97534,0.201909780502319
K set to 1,1439502530.36269,0.387350082397461
Screening SNPs,1439502530.55904,0.19635009765625
GWAS done for this Trait,1439502532.20685,1.6478099822998
Post PreP3D,1439502532.40945,0.202600002288818
CP start,1439502532.60565,0.196199893951416
Does this change memory0,1439502532.80023,0.194580078125
CP distance,1439502532.99753,0.197299957275391
CP cluster,1439502533.40454,0.407010078430176
CP cutree,1439502533.6141,0.209559917449951
CP calculation original,1439502534.27274,0.658639907836914
CP calculation,1439502534.47504,0.202300071716309
PreP3D 2_cp,1439502534.67419,0.199150085449219
PreP3D 2_bk,1439502534.9136,0.239409923553467
PreP3D 2_zc,1439502535.34174,0.428139925003052
Prio PreP3D,1439502535.54688,0.205140113830566
P3D Start,1439502535.74142,0.194540023803711
eig.L,1439502536.28351,0.542089939117432
eig.R,1439502536.84086,0.557349920272827
REML,1439502537.40281,0.561950206756592
eig.R removed,1439502537.79432,0.391510009765625
Trait,1439502538.18767,0.393349885940552
REML,1439502538.74515,0.557480096817017
eig.R removed,1439502539.1354,0.390249967575073
REMLE removed,1439502539.51723,0.381829977035522
U Matrix,1439502539.71679,0.199559926986694
eig.L removed,1439502540.10255,0.385760068893433
New Genotype file,1439502540.29558,0.193029880523682
Before cleaning,1439502540.48997,0.194390058517456
After cleaning,1439502540.87568,0.385710000991821
Memory allocation,1439502541.07026,0.194580078125
ReducedModel,1439502541.2678,0.197540044784546
before Dt clean,1439502541.55114,0.283339977264404
Dt clean,1439502541.93828,0.387140035629272
BLUP,1439502542.13204,0.193759918212891
PEV,1439502542.42856,0.296519994735718
K normal,1439502542.63176,0.203199863433838
K set to 1,1439502543.01575,0.383990049362183
Screening SNPs,1439502543.21202,0.196269989013672
GWAS done for this Trait,1439502543.7947,0.582679986953735
Post PreP3D,1439502543.9936,0.198899984359741
CP start,1439502544.18919,0.195590019226074
Does this change memory0,1439502544.38423,0.195039987564087
CP distance,1439502544.58276,0.198530197143555
CP cluster,1439502544.98944,0.40667986869812
CP cutree,1439502545.19866,0.209219932556152
CP calculation original,1439502545.83316,0.634500026702881
CP calculation,1439502546.03654,0.203380107879639
PreP3D 2_cp,1439502546.23603,0.199490070343018
PreP3D 2_bk,1439502546.47524,0.239209890365601
PreP3D 2_zc,1439502546.89753,0.422290086746216
Prio PreP3D,1439502547.10243,0.204900026321411
P3D Start,1439502547.2967,0.194269895553589
eig.L,1439502547.81269,0.515990018844604
eig.R,1439502548.34205,0.529360055923462
REML,1439502548.87725,0.535199880599976
eig.R removed,1439502549.26829,0.391040086746216
Trait,1439502549.66162,0.393329858779907
REML,1439502550.1925,0.530880212783813
eig.R removed,1439502550.58375,0.391249895095825
REMLE removed,1439502550.96533,0.381579875946045
U Matrix,1439502551.16349,0.198160171508789
eig.L removed,1439502551.55046,0.386970043182373
New Genotype file,1439502551.74429,0.193830013275146
Before cleaning,1439502551.93845,0.194159984588623
After cleaning,1439502552.32587,0.387419939041138
Memory allocation,1439502552.51939,0.193520069122314
ReducedModel,1439502552.71812,0.198729991912842
before Dt clean,1439502552.99597,0.277849912643433
Dt clean,1439502553.38217,0.386199951171875
BLUP,1439502553.5763,0.194129943847656
PEV,1439502553.86162,0.285320043563843
K normal,1439502554.06363,0.202010154724121
K set to 1,1439502554.44837,0.384739875793457
Screening SNPs,1439502554.64289,0.194519996643066
GWAS done for this Trait,1439502555.22806,0.585170030593872
Post PreP3D,1439502555.42759,0.199529886245728
CP start,1439502555.6226,0.195010185241699
Does this change memory0,1439502555.81622,0.193619966506958
CP distance,1439502556.01393,0.197710037231445
CP cluster,1439502556.42011,0.406179904937744
CP cutree,1439502556.6296,0.209490060806274
CP calculation original,1439502557.23807,0.60846996307373
CP calculation,1439502557.44088,0.202810049057007
PreP3D 2_cp,1439502557.64058,0.199699878692627
PreP3D 2_bk,1439502557.8789,0.238320112228394
PreP3D 2_zc,1439502558.2959,0.41700005531311
Prio PreP3D,1439502558.50172,0.205819845199585
P3D Start,1439502558.69632,0.194600105285645
eig.L,1439502559.18952,0.493199825286865
eig.R,1439502559.69424,0.504720211029053
REML,1439502560.205,0.510759830474854
eig.R removed,1439502560.59666,0.39165997505188
Trait,1439502560.98809,0.391430139541626
REML,1439502561.49556,0.507469892501831
eig.R removed,1439502561.88621,0.390650033950806
REMLE removed,1439502562.26961,0.383399963378906
U Matrix,1439502562.4674,0.197790145874023
eig.L removed,1439502562.85407,0.386669874191284
New Genotype file,1439502563.04725,0.193180084228516
Before cleaning,1439502563.24295,0.19569993019104
After cleaning,1439502563.63056,0.387609958648682
Memory allocation,1439502563.82423,0.193670034408569
ReducedModel,1439502564.02246,0.198230028152466
before Dt clean,1439502564.2974,0.274940013885498
Dt clean,1439502564.68589,0.388489961624146
BLUP,1439502564.87936,0.193470001220703
PEV,1439502565.15591,0.276550054550171
K normal,1439502565.35707,0.201159954071045
K set to 1,1439502565.74242,0.385349988937378
Screening SNPs,1439502565.93656,0.194139957427979
GWAS done for this Trait,1439502567.36502,1.42846012115479
Post PreP3D,1439502567.56731,0.202290058135986
CP start,1439502567.76318,0.195869922637939
Does this change memory0,1439502567.95787,0.194689989089966
CP distance,1439502568.15466,0.196789979934692
CP cluster,1439502568.56887,0.414210081100464
CP cutree,1439502568.77762,0.208750009536743
CP calculation original,1439502569.35827,0.580649852752686
CP calculation,1439502569.56142,0.203150033950806
PreP3D 2_cp,1439502569.76109,0.199670076370239
PreP3D 2_bk,1439502570.0018,0.240710020065308
PreP3D 2_zc,1439502570.41682,0.415019989013672
Prio PreP3D,1439502570.62237,0.205549955368042
P3D Start,1439502570.81706,0.194689989089966
eig.L,1439502571.28009,0.463030099868774
eig.R,1439502571.75912,0.479029893875122
REML,1439502572.24197,0.482850074768066
eig.R removed,1439502572.63281,0.39084005355835
Trait,1439502573.02528,0.392469882965088
REML,1439502573.50409,0.47881007194519
eig.R removed,1439502573.89551,0.391419887542725
REMLE removed,1439502574.27855,0.383039951324463
U Matrix,1439502574.47697,0.19842004776001
eig.L removed,1439502574.86435,0.387380123138428
New Genotype file,1439502575.05841,0.1940598487854
Before cleaning,1439502575.25271,0.194300174713135
After cleaning,1439502575.60626,0.353549957275391
Memory allocation,1439502575.76613,0.159869909286499
ReducedModel,1439502575.92923,0.163100004196167
before Dt clean,1439502576.13817,0.208940029144287
Dt clean,1439502576.45611,0.31793999671936
BLUP,1439502576.6167,0.160589933395386
PEV,1439502576.82317,0.206470012664795
K normal,1439502576.98701,0.163840055465698
K set to 1,1439502577.30395,0.316940069198608
Screening SNPs,1439502577.46467,0.160719871520996
GWAS done for this Trait,1439502578.01228,0.54761004447937
Post PreP3D,1439502578.21084,0.198559999465942
CP start,1439502578.40731,0.196470022201538
Does this change memory0,1439502578.6023,0.194989919662476
CP distance,1439502578.79966,0.197360038757324
CP cluster,1439502579.20467,0.405009984970093
CP cutree,1439502579.41294,0.208270072937012
CP calculation original,1439502579.97502,0.562079906463623
CP calculation,1439502580.17815,0.203130006790161
PreP3D 2_cp,1439502580.37825,0.200099945068359
PreP3D 2_bk,1439502580.61597,0.237720012664795
PreP3D 2_zc,1439502581.02359,0.407620191574097
Prio PreP3D,1439502581.22721,0.203619956970215
P3D Start,1439502581.42151,0.194299936294556
eig.L,1439502581.87381,0.452300071716309
eig.R,1439502582.34152,0.467710018157959
REML,1439502582.81162,0.470099925994873
eig.R removed,1439502583.20404,0.392420053482056
Trait,1439502583.59635,0.392309904098511
REML,1439502584.06357,0.467220067977905
eig.R removed,1439502584.45464,0.391069889068604
REMLE removed,1439502584.83702,0.38238000869751
U Matrix,1439502585.03608,0.199059963226318
eig.L removed,1439502585.42379,0.387710094451904
New Genotype file,1439502585.61824,0.19445013999939
Before cleaning,1439502585.81235,0.194109916687012
After cleaning,1439502586.19789,0.385540008544922
Memory allocation,1439502586.39125,0.193359851837158
ReducedModel,1439502586.58951,0.198260068893433
before Dt clean,1439502586.8587,0.269190073013306
Dt clean,1439502587.24422,0.385519981384277
BLUP,1439502587.43809,0.193870067596436
PEV,1439502587.69897,0.260879993438721
K normal,1439502587.89974,0.200769901275635
K set to 1,1439502588.28491,0.385169982910156
Screening SNPs,1439502588.47993,0.195019960403442
GWAS done for this Trait,1439502589.06328,0.58335018157959
Post PreP3D,1439502589.26317,0.199889898300171
CP start,1439502589.46017,0.197000026702881
Does this change memory0,1439502589.65434,0.194169998168945
CP distance,1439502589.85171,0.197370052337646
CP cluster,1439502590.25766,0.405949831008911
CP cutree,1439502590.46657,0.20890998840332
CP calculation original,1439502591.00374,0.537170171737671
CP calculation,1439502591.20688,0.203140020370483
PreP3D 2_cp,1439502591.40623,0.199349880218506
PreP3D 2_bk,1439502591.64391,0.237679958343506
PreP3D 2_zc,1439502592.04792,0.404010057449341
Prio PreP3D,1439502592.25329,0.20536994934082
P3D Start,1439502592.44768,0.194390058517456
eig.L,1439502592.87431,0.426630020141602
eig.R,1439502593.31508,0.440769910812378
REML,1439502593.76007,0.444990158081055
eig.R removed,1439502594.15157,0.391499996185303
Trait,1439502594.5436,0.392030000686646
REML,1439502594.98537,0.44176983833313
eig.R removed,1439502595.37669,0.391319990158081
REMLE removed,1439502595.76179,0.385100126266479
U Matrix,1439502595.95994,0.198149919509888
eig.L removed,1439502596.34775,0.387809991836548
New Genotype file,1439502596.54196,0.194210052490234
Before cleaning,1439502596.73732,0.195359945297241
After cleaning,1439502597.12309,0.385770082473755
Memory allocation,1439502597.3178,0.19471001625061
ReducedModel,1439502597.51626,0.19845986366272
before Dt clean,1439502597.78038,0.264120101928711
Dt clean,1439502598.1679,0.38752007484436
BLUP,1439502598.36133,0.193429946899414
PEV,1439502598.61315,0.251819849014282
K normal,1439502598.81462,0.201470136642456
K set to 1,1439502599.19929,0.38467001914978
Screening SNPs,1439502599.39421,0.194920063018799
GWAS done for this Trait,1439502599.97675,0.582539796829224
Post PreP3D,1439502600.17589,0.199140071868896
CP start,1439502600.37177,0.195879936218262
Does this change memory0,1439502600.56764,0.195870161056519
CP distance,1439502600.76292,0.195279836654663
CP cluster,1439502601.16801,0.405090093612671
CP cutree,1439502601.39062,0.222609996795654
CP calculation original,1439502601.96738,0.576760053634644
CP calculation,1439502602.19495,0.227570056915283
PreP3D 2_cp,1439502602.41855,0.223599910736084
PreP3D 2_bk,1439502602.68842,0.269870042800903
PreP3D 2_zc,1439502603.10785,0.419430017471313
Prio PreP3D,1439502603.31239,0.204540014266968
P3D Start,1439502603.50972,0.197329998016357
eig.L,1439502603.91496,0.405239820480347
eig.R,1439502604.33487,0.419910192489624
REML,1439502604.75723,0.422359943389893
eig.R removed,1439502605.15176,0.394530057907104
Trait,1439502605.54565,0.393889904022217
REML,1439502605.96637,0.420720100402832
eig.R removed,1439502606.36336,0.396989822387695
REMLE removed,1439502606.74897,0.385610103607178
U Matrix,1439502606.94997,0.200999975204468
eig.L removed,1439502607.34044,0.390470027923584
New Genotype file,1439502607.5353,0.194859981536865
Before cleaning,1439502607.73163,0.196330070495605
After cleaning,1439502608.11969,0.388059854507446
Memory allocation,1439502608.31366,0.193969964981079
ReducedModel,1439502608.5119,0.198240041732788
before Dt clean,1439502608.7715,0.259600162506104
Dt clean,1439502609.1619,0.390399932861328
BLUP,1439502609.35797,0.196069955825806
PEV,1439502609.60309,0.245120048522949
K normal,1439502609.8056,0.202509880065918
K set to 1,1439502610.19419,0.388590097427368
Screening SNPs,1439502610.39007,0.195879936218262
GWAS done for this Trait,1439502612.08533,1.6952600479126
Post PreP3D,1439502612.28774,0.202409982681274
CP start,1439502612.48462,0.196880102157593
Does this change memory0,1439502612.67963,0.19500994682312
CP distance,1439502612.8774,0.1977698802948
CP cluster,1439502613.29112,0.41372013092041
CP cutree,1439502613.46667,0.175549983978271
CP calculation original,1439502613.82103,0.354359865188599
CP calculation,1439502613.98782,0.166790008544922
PreP3D 2_cp,1439502614.15305,0.16523003578186
PreP3D 2_bk,1439502614.34572,0.192670106887817
PreP3D 2_zc,1439502614.63894,0.293220043182373
Prio PreP3D,1439502614.80591,0.166970014572144
P3D Start,1439502614.96697,0.161059856414795
eig.L,1439502615.24734,0.280369997024536
eig.R,1439502615.53839,0.291049957275391
REML,1439502615.8321,0.293709993362427
eig.R removed,1439502616.15284,0.320739984512329
Trait,1439502616.47866,0.325820207595825
REML,1439502616.77065,0.291989803314209
eig.R removed,1439502617.09266,0.322010040283203
REMLE removed,1439502617.40997,0.317310094833374
U Matrix,1439502617.57537,0.16540002822876
eig.L removed,1439502617.89479,0.319419860839844
New Genotype file,1439502618.0547,0.159909963607788
Before cleaning,1439502618.21573,0.161030054092407
After cleaning,1439502618.53624,0.320510149002075
Memory allocation,1439502618.69644,0.160199880599976
ReducedModel,1439502618.85996,0.163520097732544
before Dt clean,1439502619.0591,0.199139833450317
Dt clean,1439502619.37832,0.319220066070557
BLUP,1439502619.53897,0.160650014877319
PEV,1439502619.72664,0.187669992446899
K normal,1439502619.88994,0.163300037384033
K set to 1,1439502620.20768,0.317739963531494
Screening SNPs,1439502620.36776,0.160079956054688
GWAS done for this Trait,1439502620.91816,0.550400018692017
Post PreP3D,1439502621.11724,0.199079990386963
CP start,1439502621.31229,0.195050001144409
Does this change memory0,1439502621.50656,0.194270133972168
CP distance,1439502621.70416,0.1975998878479
CP cluster,1439502622.10897,0.404809951782227
CP cutree,1439502622.31802,0.209050178527832
CP calculation original,1439502622.79068,0.472659826278687
CP calculation,1439502622.9945,0.203819990158081
PreP3D 2_cp,1439502623.19408,0.199580192565918
PreP3D 2_bk,1439502623.43194,0.237859964370728
PreP3D 2_zc,1439502623.82114,0.38919997215271
Prio PreP3D,1439502624.02631,0.205169916152954
P3D Start,1439502624.22158,0.19527006149292
eig.L,1439502624.58731,0.365730047225952
eig.R,1439502624.968,0.380689859390259
REML,1439502625.35294,0.384940147399902
eig.R removed,1439502625.74553,0.392589807510376
Trait,1439502626.1381,0.392570018768311
REML,1439502626.51841,0.38031005859375
eig.R removed,1439502626.91077,0.392359972000122
REMLE removed,1439502627.29369,0.382920026779175
U Matrix,1439502627.49263,0.19894003868103
eig.L removed,1439502627.88106,0.388429880142212
New Genotype file,1439502628.07459,0.193530082702637
Before cleaning,1439502628.26985,0.195260047912598
After cleaning,1439502628.65862,0.38877010345459
Memory allocation,1439502628.85147,0.19284987449646
ReducedModel,1439502629.04987,0.198400020599365
before Dt clean,1439502629.30079,0.250920057296753
Dt clean,1439502629.68897,0.388180017471313
BLUP,1439502629.88306,0.194089889526367
PEV,1439502630.11236,0.229300022125244
K normal,1439502630.31271,0.200350046157837
K set to 1,1439502630.6993,0.386590003967285
Screening SNPs,1439502630.89541,0.196110010147095
GWAS done for this Trait,1439502631.47909,0.583679914474487
Post PreP3D,1439502631.67872,0.19963002204895
CP start,1439502631.87314,0.194420099258423
Does this change memory0,1439502632.06769,0.194549798965454
CP distance,1439502632.26444,0.196750164031982
CP cluster,1439502632.6712,0.406759977340698
CP cutree,1439502632.88139,0.210190057754517
CP calculation original,1439502633.33083,0.449440002441406
CP calculation,1439502633.53445,0.203619956970215
PreP3D 2_cp,1439502633.7336,0.19914984703064
PreP3D 2_bk,1439502633.97109,0.237490177154541
PreP3D 2_zc,1439502634.35506,0.383970022201538
Prio PreP3D,1439502634.55995,0.204890012741089
P3D Start,1439502634.75356,0.193609952926636
eig.L,1439502635.10352,0.349959850311279
eig.R,1439502635.43771,0.334190130233765
REML,1439502635.7102,0.27249002456665
eig.R removed,1439502636.03105,0.320849895477295
Trait,1439502636.35508,0.324029922485352
REML,1439502636.62573,0.270650148391724
eig.R removed,1439502636.94663,0.320899963378906
REMLE removed,1439502637.26261,0.315979957580566
U Matrix,1439502637.4283,0.165689945220947
eig.L removed,1439502637.74678,0.318480014801025
New Genotype file,1439502637.90609,0.159310102462769
Before cleaning,1439502638.06637,0.160279989242554
After cleaning,1439502638.38553,0.319159984588623
Memory allocation,1439502638.54568,0.160150051116943
ReducedModel,1439502638.70866,0.1629798412323
before Dt clean,1439502638.90339,0.194730043411255
Dt clean,1439502639.22143,0.318040132522583
BLUP,1439502639.38152,0.16008996963501
PEV,1439502639.56246,0.180939912796021
K normal,1439502639.72618,0.16372013092041
K set to 1,1439502640.04369,0.317509889602661
Screening SNPs,1439502640.20439,0.160700082778931
GWAS done for this Trait,1439502640.68984,0.485450029373169
Post PreP3D,1439502640.85336,0.163519859313965
CP start,1439502641.01518,0.16182017326355
Does this change memory0,1439502641.17562,0.160439968109131
CP distance,1439502641.34548,0.169859886169434
CP cluster,1439502641.67165,0.326169967651367
CP cutree,1439502641.84173,0.170080184936523
CP calculation original,1439502642.15502,0.313289880752563
CP calculation,1439502642.32167,0.166650056838989
PreP3D 2_cp,1439502642.4854,0.163729906082153
PreP3D 2_bk,1439502642.67658,0.191179990768433
PreP3D 2_zc,1439502642.95894,0.282360076904297
Prio PreP3D,1439502643.12469,0.165750026702881
P3D Start,1439502643.28541,0.160719871520996
eig.L,1439502643.53408,0.248670101165771
eig.R,1439502643.79421,0.260129928588867
REML,1439502644.0565,0.262290000915527
eig.R removed,1439502644.37883,0.322329998016357
Trait,1439502644.70428,0.32544994354248
REML,1439502644.96518,0.260900020599365
eig.R removed,1439502645.28681,0.321630001068115
REMLE removed,1439502645.60597,0.319159984588623
U Matrix,1439502645.77157,0.165600061416626
eig.L removed,1439502646.092,0.320430040359497
New Genotype file,1439502646.25293,0.160929918289185
Before cleaning,1439502646.41551,0.162580013275146
After cleaning,1439502646.7377,0.322190046310425
Memory allocation,1439502646.89844,0.160739898681641
ReducedModel,1439502647.06291,0.164470195770264
before Dt clean,1439502647.2555,0.192589998245239
Dt clean,1439502647.57497,0.319469928741455
BLUP,1439502647.73639,0.161420106887817
PEV,1439502647.91478,0.17838978767395
K normal,1439502648.07839,0.163609981536865
K set to 1,1439502648.39766,0.319270133972168
Screening SNPs,1439502648.55974,0.162080049514771
GWAS done for this Trait,1439502650.1537,1.59396004676819
Post PreP3D,1439502650.35628,0.202579975128174
CP start,1439502650.55247,0.196189880371094
Does this change memory0,1439502650.74796,0.195490121841431
CP distance,1439502650.94588,0.197919845581055
CP cluster,1439502651.35703,0.411149978637695
CP cutree,1439502651.52736,0.170330047607422
CP calculation original,1439502651.82764,0.300280094146729
CP calculation,1439502651.9944,0.166759967803955
PreP3D 2_cp,1439502652.1589,0.164499998092651
PreP3D 2_bk,1439502652.35033,0.19143009185791
PreP3D 2_zc,1439502652.6301,0.279769897460938
Prio PreP3D,1439502652.79724,0.167140007019043
P3D Start,1439502652.95836,0.161119937896729
eig.L,1439502653.1965,0.238140106201172
eig.R,1439502653.44644,0.249939918518066
REML,1439502653.69892,0.252480030059814
eig.R removed,1439502654.02349,0.324569940567017
Trait,1439502654.35006,0.3265700340271
REML,1439502654.60118,0.251120090484619
eig.R removed,1439502654.92513,0.323949813842773
REMLE removed,1439502655.24305,0.317920207977295
U Matrix,1439502655.40879,0.165740013122559
eig.L removed,1439502655.72871,0.31991982460022
New Genotype file,1439502655.88932,0.16060996055603
Before cleaning,1439502656.05041,0.161090135574341
After cleaning,1439502656.36975,0.319339990615845
Memory allocation,1439502656.53047,0.160719871520996
ReducedModel,1439502656.69421,0.163740158081055
before Dt clean,1439502656.88295,0.188740015029907
Dt clean,1439502657.20064,0.317689895629883
BLUP,1439502657.36045,0.159810066223145
PEV,1439502657.53531,0.174860000610352
K normal,1439502657.6982,0.162889957427979
K set to 1,1439502658.01672,0.318520069122314
Screening SNPs,1439502658.17724,0.16051983833313
GWAS done for this Trait,1439502658.72341,0.546169996261597
Post PreP3D,1439502658.9233,0.19989013671875
CP start,1439502659.11817,0.194869995117188
Does this change memory0,1439502659.31295,0.194779872894287
CP distance,1439502659.51112,0.198170185089111
CP cluster,1439502659.91745,0.406329870223999
CP cutree,1439502660.12829,0.210839986801147
CP calculation original,1439502660.51897,0.390680074691772
CP calculation,1439502660.72235,0.20337986946106
PreP3D 2_cp,1439502660.92136,0.199010133743286
PreP3D 2_bk,1439502661.15821,0.236850023269653
PreP3D 2_zc,1439502661.52639,0.3681800365448
Prio PreP3D,1439502661.73187,0.205479860305786
P3D Start,1439502661.92674,0.194869995117188
eig.L,1439502662.22747,0.300729990005493
eig.R,1439502662.54209,0.314620018005371
REML,1439502662.86051,0.318420171737671
eig.R removed,1439502663.25002,0.389509916305542
Trait,1439502663.64293,0.392910003662109
REML,1439502663.95855,0.315619945526123
eig.R removed,1439502664.34986,0.391309976577759
REMLE removed,1439502664.73368,0.383820056915283
U Matrix,1439502664.93153,0.197849988937378
eig.L removed,1439502665.32038,0.388849973678589
New Genotype file,1439502665.51409,0.193710088729858
Before cleaning,1439502665.70949,0.19539999961853
After cleaning,1439502666.0974,0.387909889221191
Memory allocation,1439502666.291,0.193599939346313
ReducedModel,1439502666.49035,0.199350118637085
before Dt clean,1439502666.72452,0.234169960021973
Dt clean,1439502667.11051,0.385990142822266
BLUP,1439502667.30431,0.19379997253418
PEV,1439502667.51719,0.21287989616394
K normal,1439502667.71478,0.197590112686157
K set to 1,1439502668.10197,0.387189865112305
Screening SNPs,1439502668.29835,0.196380138397217
GWAS done for this Trait,1439502668.88244,0.584089994430542
Post PreP3D,1439502669.08176,0.199319839477539
CP start,1439502669.27861,0.196850061416626
Does this change memory0,1439502669.47316,0.194550037384033
CP distance,1439502669.67097,0.197809934616089
CP cluster,1439502670.07746,0.406490087509155
CP cutree,1439502670.28649,0.209029912948608
CP calculation original,1439502670.65871,0.372220039367676
CP calculation,1439502670.86249,0.203779935836792
PreP3D 2_cp,1439502671.0616,0.19911003112793
PreP3D 2_bk,1439502671.29784,0.236240148544312
PreP3D 2_zc,1439502671.66105,0.363209962844849
Prio PreP3D,1439502671.86586,0.204809904098511
P3D Start,1439502672.06237,0.196510076522827
eig.L,1439502672.34644,0.284070014953613
eig.R,1439502672.64638,0.299939870834351
REML,1439502672.94963,0.303250074386597
eig.R removed,1439502673.34211,0.39247989654541
Trait,1439502673.73554,0.39342999458313
REML,1439502674.03426,0.298720121383667
eig.R removed,1439502674.42751,0.393249988555908
REMLE removed,1439502674.8095,0.3819899559021
U Matrix,1439502675.00762,0.1981201171875
eig.L removed,1439502675.39582,0.388199806213379
New Genotype file,1439502675.58967,0.193850040435791
Before cleaning,1439502675.78447,0.194800138473511
After cleaning,1439502676.17226,0.387789964675903
Memory allocation,1439502676.36743,0.195169925689697
ReducedModel,1439502676.56521,0.197780132293701
before Dt clean,1439502676.79554,0.230329990386963
Dt clean,1439502677.18118,0.385639905929565
BLUP,1439502677.3743,0.193120002746582
PEV,1439502677.58334,0.209039926528931
K normal,1439502677.78111,0.197770118713379
K set to 1,1439502678.16755,0.38644003868103
Screening SNPs,1439502678.36316,0.19560980796814
GWAS done for this Trait,1439502678.94588,0.582720041275024
Post PreP3D,1439502679.14586,0.199980020523071
CP start,1439502679.34341,0.197550058364868
Does this change memory0,1439502679.53882,0.195410013198853
CP distance,1439502679.73587,0.197049856185913
CP cluster,1439502680.14102,0.405150175094604
CP cutree,1439502680.34908,0.208060026168823
CP calculation original,1439502680.70691,0.357829809188843
CP calculation,1439502680.91135,0.204440116882324
PreP3D 2_cp,1439502681.11041,0.199059963226318
PreP3D 2_bk,1439502681.34665,0.236239910125732
PreP3D 2_zc,1439502681.7032,0.356550216674805
Prio PreP3D,1439502681.90865,0.205449819564819
P3D Start,1439502682.10354,0.194890022277832
eig.L,1439502682.37382,0.270280122756958
eig.R,1439502682.65841,0.284590005874634
REML,1439502682.94622,0.2878098487854
eig.R removed,1439502683.33755,0.391330003738403
Trait,1439502683.73114,0.393589973449707
REML,1439502684.01452,0.283380031585693
eig.R removed,1439502684.40674,0.392220020294189
REMLE removed,1439502684.79081,0.384070158004761
U Matrix,1439502684.98996,0.19914984703064
eig.L removed,1439502685.3774,0.387439966201782
New Genotype file,1439502685.57221,0.194810152053833
Before cleaning,1439502685.76744,0.195230007171631
After cleaning,1439502686.15424,0.386799812316895
Memory allocation,1439502686.35536,0.201120138168335
ReducedModel,1439502686.55455,0.199189901351929
before Dt clean,1439502686.77924,0.224689960479736
Dt clean,1439502687.16668,0.387440204620361
BLUP,1439502687.3613,0.19461989402771
PEV,1439502687.56778,0.206480026245117
K normal,1439502687.76503,0.197249889373779
K set to 1,1439502688.15142,0.386390209197998
Screening SNPs,1439502688.34734,0.195919990539551
GWAS done for this Trait,1439502690.32192,1.97457981109619
Post PreP3D,1439502690.5251,0.203180074691772
CP start,1439502690.72073,0.195630073547363
Does this change memory0,1439502690.91523,0.194499969482422
CP distance,1439502691.11362,0.198390007019043
CP cluster,1439502691.52838,0.414759874343872
CP cutree,1439502691.73775,0.209370136260986
CP calculation original,1439502692.07452,0.336770057678223
CP calculation,1439502692.27849,0.203969955444336
PreP3D 2_cp,1439502692.47834,0.199849843978882
PreP3D 2_bk,1439502692.7165,0.238160133361816
PreP3D 2_zc,1439502693.07163,0.355129957199097
Prio PreP3D,1439502693.2761,0.204469919204712
P3D Start,1439502693.47237,0.196269989013672
eig.L,1439502693.73072,0.258350133895874
eig.R,1439502694.00326,0.272539854049683
REML,1439502694.27969,0.276430130004883
eig.R removed,1439502694.67154,0.391849994659424
Trait,1439502695.06528,0.393739938735962
REML,1439502695.33878,0.273499965667725
eig.R removed,1439502695.67947,0.340690135955811
REMLE removed,1439502695.99838,0.318909883499146
U Matrix,1439502696.16474,0.166360139846802
eig.L removed,1439502696.48611,0.321369886398315
New Genotype file,1439502696.64711,0.16100001335144
Before cleaning,1439502696.80886,0.161750078201294
After cleaning,1439502697.13102,0.322160005569458
Memory allocation,1439502697.29104,0.160019874572754
ReducedModel,1439502697.45425,0.163210153579712
before Dt clean,1439502697.63183,0.177579879760742
Dt clean,1439502697.94997,0.318140029907227
BLUP,1439502698.11007,0.160099983215332
PEV,1439502698.27758,0.167510032653809
K normal,1439502698.43965,0.162070035934448
K set to 1,1439502698.75763,0.317980051040649
Screening SNPs,1439502698.91859,0.160959959030151
GWAS done for this Trait,1439502699.46597,0.547379970550537
Post PreP3D,1439502699.66619,0.200219869613647
CP start,1439502699.86231,0.196120023727417
Does this change memory0,1439502700.05807,0.195760011672974
CP distance,1439502700.25536,0.197289943695068
CP cluster,1439502700.66179,0.406430006027222
CP cutree,1439502700.87261,0.210820198059082
CP calculation original,1439502701.19122,0.318609952926636
CP calculation,1439502701.39522,0.203999996185303
PreP3D 2_cp,1439502701.59425,0.199029922485352
PreP3D 2_bk,1439502701.83019,0.235939979553223
PreP3D 2_zc,1439502702.17697,0.346780061721802
Prio PreP3D,1439502702.38219,0.205219984054565
P3D Start,1439502702.57766,0.195470094680786
eig.L,1439502702.82662,0.248960018157959
eig.R,1439502703.08897,0.262349843978882
REML,1439502703.35659,0.267620086669922
eig.R removed,1439502703.74795,0.39136004447937
Trait,1439502704.14174,0.393790006637573
REML,1439502704.40443,0.262689828872681
eig.R removed,1439502704.79675,0.392320156097412
REMLE removed,1439502705.18145,0.384699821472168
U Matrix,1439502705.38238,0.200930118560791
eig.L removed,1439502705.77273,0.390350103378296
New Genotype file,1439502705.96616,0.193429946899414
Before cleaning,1439502706.16136,0.195199966430664
After cleaning,1439502706.54927,0.387909889221191
Memory allocation,1439502706.74461,0.195340156555176
ReducedModel,1439502706.94302,0.198410034179688
before Dt clean,1439502707.15972,0.216699838638306
Dt clean,1439502707.54572,0.386000156402588
BLUP,1439502707.73964,0.193919897079468
PEV,1439502707.9417,0.202059984207153
K normal,1439502708.13864,0.196939945220947
K set to 1,1439502708.52661,0.387969970703125
Screening SNPs,1439502708.72208,0.195470094680786
GWAS done for this Trait,1439502709.3041,0.582020044326782
Post PreP3D,1439502709.50407,0.199970006942749
CP start,1439502709.70069,0.196619987487793
Does this change memory0,1439502709.89575,0.195060014724731
CP distance,1439502710.09363,0.197880029678345
CP cluster,1439502710.50012,0.406489849090576
CP cutree,1439502710.70997,0.209850072860718
CP calculation original,1439502711.00879,0.298820018768311
CP calculation,1439502711.21134,0.202549934387207
PreP3D 2_cp,1439502711.40947,0.198130130767822
PreP3D 2_bk,1439502711.6449,0.235430002212524
PreP3D 2_zc,1439502711.98666,0.341759920120239
Prio PreP3D,1439502712.1918,0.205140113830566
P3D Start,1439502712.38785,0.196049928665161
eig.L,1439502712.62432,0.236469984054565
eig.R,1439502712.87617,0.251849889755249
REML,1439502713.13223,0.256060123443604
eig.R removed,1439502713.52429,0.392060041427612
Trait,1439502713.9176,0.393309831619263
REML,1439502714.16971,0.252110004425049
eig.R removed,1439502714.56192,0.392210006713867
REMLE removed,1439502714.94706,0.385140180587769
U Matrix,1439502715.14693,0.199869871139526
eig.L removed,1439502715.53587,0.388940095901489
New Genotype file,1439502715.73075,0.19488000869751
Before cleaning,1439502715.92705,0.196300029754639
After cleaning,1439502716.31447,0.387419939041138
Memory allocation,1439502716.50897,0.194499969482422
ReducedModel,1439502716.70828,0.199310064315796
before Dt clean,1439502716.92197,0.213689804077148
Dt clean,1439502717.30846,0.386490106582642
BLUP,1439502717.50348,0.195019960403442
PEV,1439502717.70486,0.201380014419556
K normal,1439502717.90239,0.197530031204224
K set to 1,1439502718.28784,0.385449886322021
Screening SNPs,1439502718.48469,0.196850061416626
GWAS done for this Trait,1439502719.06912,0.584429979324341
Post PreP3D,1439502719.26937,0.200250148773193
CP start,1439502719.47165,0.202279806137085
Does this change memory0,1439502719.66855,0.196900129318237
CP distance,1439502719.86696,0.198410034179688
CP cluster,1439502720.27314,0.406179904937744
CP cutree,1439502720.48294,0.209800004959106
CP calculation original,1439502722.12665,1.64371013641357
CP calculation,1439502722.32997,0.203319787979126
PreP3D 2_cp,1439502722.53322,0.203250169754028
PreP3D 2_bk,1439502722.78945,0.256229877471924
PreP3D 2_zc,1439502723.35978,0.570330142974854
GWAS,1439505424.15167,2700.79188990593
Final,1439505480.33558,56.1839101314545
GPS,1439505481.33634,1.0007598400116
Compression.Visualization,1439505482.05797,0.721630096435547
Extract p3d results,1439505482.69613,0.638159990310669
Extract GWAS start,1439505483.37193,0.67579984664917
MAF filtered,1439505484.53326,1.1613302230835
Multiple Correction,1439505504.20478,19.6715199947357
QQ plot,1439505505.51421,1.30942988395691
Manhattan plot,1439505516.68939,11.1751799583435
Extract GWAS end,1439505534.92706,18.2376699447632
Report,1439505535.69646,0.769400119781494
